account_id,fraud_probability,fraud_predicted
ACC01612,0.051346324,0
ACC00667,0.9999995,1
ACC01214,0.050948493,0
ACC01248,0.0636163,0
ACC00899,0.05529052,0
ACC01877,0.06073686,0
ACC00084,0.05710767,0
ACC01259,0.06789657,0
ACC00531,0.09282506,0
ACC01342,0.056989487,0
ACC00119,1.0,1
ACC00361,1.0,1
ACC00162,0.060458332,0
ACC00707,0.06696539,0
ACC01706,0.05578563,0
ACC00453,0.14256641,0
ACC01171,0.052400738,0
ACC01882,0.051606007,0
ACC00068,0.99997365,1
ACC01786,1.0,1
ACC01461,0.14656237,0
ACC01709,0.061816446,0
ACC01975,0.072886385,0
ACC01508,1.0,1
ACC00979,0.14280729,0
ACC00934,0.06563375,0
ACC01162,0.057789773,0
ACC00978,0.05400498,0
ACC00850,0.04965696,0
ACC00875,0.065396704,0
ACC00973,0.061703518,0
ACC00278,0.058376987,0
ACC01931,0.058306947,0
ACC01595,0.054847218,0
ACC01444,1.0,1
ACC01311,0.0867479,0
ACC01852,0.1596394,0
ACC01379,0.054335,0
ACC01002,0.05470134,0
ACC00085,0.07037313,0
ACC00830,0.055895917,0
ACC01997,0.9994466,1
ACC00868,0.07573132,0
ACC00406,0.06345724,0
ACC01316,0.99999857,1
ACC00258,0.106619604,0
ACC00647,0.05861046,0
ACC01983,0.100491054,0
ACC01891,0.055014834,0
ACC00473,0.06255243,0
ACC01055,0.107294716,0
ACC00332,0.0985353,0
ACC00972,0.049078576,0
ACC00054,0.054858197,0
ACC01584,0.065563925,0
ACC00848,0.08102121,0
ACC00806,0.9997086,1
ACC00849,0.05960064,0
ACC00228,0.09075446,0
ACC01385,1.0,1
ACC00356,0.05896375,0
ACC01336,0.069779746,0
ACC01019,0.10599592,0
ACC01994,0.080029555,0
ACC00673,0.06376638,0
ACC00022,0.15109329,0
ACC00223,0.07342966,0
ACC01128,0.06439767,0
ACC00016,0.07212236,0
ACC01570,0.059348315,0
ACC00893,0.060259182,0
ACC01306,0.06543432,0
ACC00146,1.0,1
ACC01769,0.099691264,0
ACC00132,0.064566776,0
ACC00674,0.055823945,0
ACC00910,0.052618466,0
ACC01454,1.0,1
ACC01866,0.93865114,1
ACC00809,0.06956369,0
ACC00993,0.1058839,0
ACC01660,0.0725775,0
ACC00336,0.075684726,0
ACC00105,0.059255395,0
ACC01215,0.061014976,0
ACC01652,0.079689965,0
ACC01296,0.055816,0
ACC01370,0.05389179,0
ACC01216,0.99985754,1
ACC01653,0.08068024,0
ACC01483,0.06887228,0
ACC00853,0.06584646,0
ACC00323,0.050644074,0
ACC00230,0.055640556,0
ACC00056,0.07641448,0
ACC01621,0.058269497,0
ACC01324,0.056697816,0
ACC00633,0.065743394,0
ACC01060,0.06936616,0
ACC00494,0.08638932,0
ACC01758,0.09835945,0
ACC00654,0.07876332,0
ACC00311,0.052329686,0
ACC01487,0.055495914,0
ACC00946,0.053014517,0
ACC01186,0.046465848,0
ACC01388,0.09138955,0
ACC01916,0.056820057,0
ACC01672,0.06508917,0
ACC01356,0.11961186,0
ACC01434,0.07541052,0
ACC00250,0.06534888,0
ACC01177,0.054417495,0
ACC00353,0.053589292,0
ACC00304,0.05619056,0
ACC00793,0.98929787,1
ACC00219,1.0,1
ACC00224,0.0581003,0
ACC01661,0.054678153,0
ACC01688,0.99994516,1
ACC00639,0.08047609,0
ACC01696,0.99999964,1
ACC00923,0.07179692,0
ACC01878,0.06720689,0
ACC00305,0.08502407,0
ACC00213,0.14871462,0
ACC01854,0.07315551,0
ACC01928,0.05431586,0
ACC00925,0.060644597,0
ACC00333,0.9999784,1
ACC01966,0.048467398,0
ACC01937,1.0,1
ACC00010,0.065049,0
ACC01774,0.085254185,0
ACC00907,0.05811836,0
ACC01534,0.06361125,0
ACC01884,0.062259033,0
ACC00029,0.06413835,0
ACC00905,0.06199777,0
ACC00872,0.09977841,0
ACC00997,0.065191016,0
ACC01724,0.0749832,0
ACC00275,0.067811444,0
ACC00060,0.068088785,0
ACC00591,0.07212701,0
ACC00450,0.06359254,0
ACC00045,0.05112827,0
ACC01152,0.06329264,0
ACC00196,0.99995255,1
ACC00093,0.055974025,0
ACC01764,0.056684364,0
ACC00959,0.06668798,0
ACC00018,0.064340375,0
ACC01322,0.063779876,0
ACC00559,0.06314913,0
ACC00033,0.08722309,0
ACC01289,0.068524525,0
ACC01990,0.9999976,1
ACC00715,0.055733386,0
ACC00319,0.058359206,0
ACC01920,0.056394726,0
ACC00426,0.06697374,0
ACC00671,0.056094915,0
ACC00145,0.060462765,0
ACC01480,0.060567494,0
ACC01777,0.22524033,0
ACC00291,0.29983425,0
ACC01801,0.069150195,0
ACC00437,0.13952465,0
ACC01395,0.06685128,0
ACC00953,0.06238284,0
ACC00796,0.052907556,0
ACC00110,0.05496547,0
ACC00510,0.054575283,0
ACC01168,0.0548319,0
ACC00025,0.123035036,0
ACC01548,0.08760179,0
ACC00782,0.99991846,1
ACC00247,0.059714615,0
ACC01254,0.06938,0
ACC01134,0.06935679,0
ACC00618,0.055633668,0
ACC01517,0.05602048,0
ACC01679,0.05443136,0
ACC00815,1.0,1
ACC01848,1.0,1
ACC00122,0.055318102,0
ACC01574,0.096115425,0
ACC01856,0.045714132,0
ACC00455,0.07931643,0
ACC00530,0.055500366,0
ACC00836,0.05528365,0
ACC01791,0.061488178,0
ACC00004,1.0,1
ACC00128,0.0737695,0
ACC00267,0.08636813,0
ACC01150,0.14254482,0
ACC01166,0.055019323,0
ACC00678,0.065004,0
ACC00794,0.07002484,0
ACC00500,0.052772768,0
ACC01608,0.060384646,0
ACC01222,0.061739996,0
ACC01956,0.05727512,0
ACC01074,0.076444134,0
ACC00718,0.0737271,0
ACC00315,0.066531315,0
ACC00392,0.052418906,0
ACC00320,0.053773284,0
ACC00057,0.08115149,0
ACC01550,0.26172417,0
ACC00072,0.056567114,0
ACC00882,0.9999994,1
ACC01071,0.09233906,0
ACC01844,0.060624775,0
ACC00478,0.054395538,0
ACC00898,0.055037722,0
ACC01373,0.05545449,0
ACC00523,0.06265272,0
ACC00532,0.05695666,0
ACC00641,0.059730764,0
ACC00672,0.050799113,0
ACC01705,0.056376684,0
ACC01710,0.059042208,0
ACC00764,0.06337999,0
ACC01285,0.06345445,0
ACC00342,0.053150386,0
ACC01040,0.99982977,1
ACC01076,0.0783731,0
ACC00165,0.07016688,0
ACC01270,0.050719526,0
ACC00601,0.059886828,0
ACC01895,1.0,1
ACC00171,0.14887051,0
ACC01566,0.103641555,0
ACC01361,0.05614619,0
ACC01900,0.055926263,0
ACC00401,0.08439878,0
ACC00999,0.98266983,1
ACC00193,0.9999994,1
ACC01043,1.0,1
ACC01078,0.06692926,0
ACC00032,0.05559963,0
ACC01064,0.05731896,0
ACC00694,0.99997604,1
ACC01230,1.0,1
ACC01037,0.09496702,0
ACC00616,0.05921777,0
ACC00011,0.051687744,0
ACC00040,0.99999964,1
ACC00107,0.9859672,1
ACC01503,0.093289465,0
ACC01402,0.9990551,1
ACC00942,0.06430802,0
ACC01985,0.15124224,0
ACC01849,0.080442615,0
ACC01598,0.05529623,0
ACC00465,0.9999987,1
ACC00867,0.09870847,0
ACC00109,0.055397283,0
ACC00729,0.053487953,0
ACC00380,0.053833444,0
ACC01299,0.05100474,0
ACC00451,1.0,1
ACC01317,0.08357325,0
ACC01530,0.056461565,0
ACC01389,0.06195209,0
ACC00947,0.9999839,1
ACC00270,0.07635689,0
ACC01840,0.06189182,0
ACC01527,0.056654163,0
ACC01023,0.051914107,0
ACC00274,0.12218962,0
ACC01668,0.05106122,0
ACC00753,0.29987487,0
ACC00271,0.07934525,0
ACC00062,0.9999994,1
ACC01181,0.060470656,0
ACC01113,0.05794479,0
ACC01639,0.06578797,0
ACC00810,0.061921503,0
ACC01049,0.068203814,0
ACC00774,0.15247412,0
ACC01323,0.053957205,0
ACC00112,0.0545159,0
ACC00731,0.055288136,0
ACC00245,0.49117783,0
ACC01131,1.0,1
ACC01528,0.060630452,0
ACC00028,0.055788063,0
ACC00877,0.06622074,0
ACC01011,0.07925339,0
ACC00684,0.06369835,0
ACC01347,1.0,1
ACC01770,0.9993437,1
ACC01546,0.068135925,0
ACC01861,0.09047019,0
ACC01032,0.053015053,0
ACC01473,0.05813209,0
ACC01404,0.06222772,0
ACC01284,0.08518678,0
ACC01318,0.09287283,0
ACC01511,0.06917808,0
ACC00744,0.06025883,0
ACC00563,0.99922013,1
ACC01100,0.05683059,0
ACC01773,1.0,1
ACC01327,0.0786848,0
ACC00511,0.073321834,0
ACC01038,0.073651135,0
ACC01096,0.04703434,0
ACC01986,0.060818605,0
ACC00255,0.05458713,0
ACC00962,0.0651387,0
ACC01699,0.058951166,0
ACC00666,0.07520336,0
ACC01802,0.047279775,0
ACC01153,0.075506665,0
ACC00103,0.056604356,0
ACC00558,0.06106939,0
ACC00926,0.12326804,0
ACC00704,0.07120219,0
ACC01330,0.13273287,0
ACC00125,0.062088303,0
ACC01332,0.99995816,1
ACC00496,0.12639862,0
ACC00750,0.05463222,0
ACC01761,0.0580296,0
ACC00546,0.058135305,0
ACC01871,0.069391795,0
ACC01427,0.04845174,0
ACC00058,0.060124796,0
ACC00158,0.09261155,0
ACC01726,0.060507026,0
ACC01303,0.080698214,0
ACC01723,0.06754678,0
ACC01924,0.06223051,0
ACC01164,0.9999747,1
ACC00873,0.99999595,1
ACC00082,0.069412164,0
ACC01579,0.058905896,0
ACC00391,0.059620768,0
ACC01157,0.060566396,0
ACC01506,0.05239752,0
ACC00911,0.062374882,0
ACC00627,0.999987,1
ACC01117,1.0,1
ACC01968,0.999969,1
ACC00839,0.061636176,0
ACC01631,0.053917028,0
ACC00802,0.07692451,0
ACC01950,0.054346777,0
ACC01941,0.06885493,0
ACC00585,0.06263181,0
ACC01649,0.99908245,1
ACC00967,0.068001606,0
ACC01593,0.057854492,0
ACC00127,0.06493873,0
ACC01860,0.108017236,0
ACC00232,0.06392476,0
ACC00640,0.07054881,0
ACC01047,0.054090083,0
ACC01651,0.9999721,1
ACC01148,0.07205202,0
ACC01605,0.9994141,1
ACC01836,0.0796025,0
ACC00970,0.064195275,0
ACC01599,0.99998724,1
ACC01889,0.08180064,0
ACC01462,0.080103554,0
ACC00878,0.9999999,1
ACC01794,0.07447106,0
ACC00321,0.06433172,0
ACC01578,0.06552601,0
ACC00429,0.07623289,0
ACC01268,0.0595748,0
ACC00080,0.06187211,0
ACC00501,1.0,1
ACC01245,0.07549667,0
ACC01629,0.060673457,0
ACC00431,0.99711007,1
ACC01436,0.06886702,0
ACC00913,0.059990127,0
ACC00194,0.9999989,1
ACC01236,0.99998856,1
ACC01691,0.99999523,1
ACC00821,0.07700759,0
ACC00955,0.06021438,0
ACC00216,1.0,1
ACC01463,0.05741865,0
ACC00825,0.08657368,0
ACC01650,0.07804908,0
ACC00174,0.065160014,0
ACC00951,0.053042263,0
ACC01969,0.061906967,0
ACC00017,0.058693394,0
ACC01788,0.087314844,0
ACC00464,0.05204509,0
ACC00857,0.051557533,0
ACC00885,0.09401931,0
ACC00077,0.07658704,0
ACC01180,0.051456574,0
ACC01110,0.054414205,0
ACC00328,0.053367913,0
ACC01118,0.064817585,0
ACC00339,0.99999976,1
ACC00434,0.07210659,0
ACC01742,0.11492167,0
ACC00007,0.08437837,0
ACC00860,0.07050361,0
ACC00249,0.059495464,0
ACC01564,0.05160902,0
ACC01410,0.09279662,0
ACC01099,0.05475561,0
ACC01910,0.047457635,0
ACC00987,0.9999597,1
ACC00752,0.9999995,1
ACC00139,0.11444303,0
ACC01353,0.051235296,0
ACC00111,0.08020063,0
ACC00660,0.059909187,0
ACC01616,0.060711592,0
ACC01217,0.049726073,0
ACC00842,0.07131466,0
ACC01601,0.051623892,0
ACC00309,0.051216617,0
ACC01252,0.06293514,0
ACC01184,1.0,1
ACC00071,0.051377967,0
ACC00168,0.13596286,0
ACC01981,0.05568109,0
ACC00108,0.055250086,0
ACC01309,0.058320135,0
ACC00383,0.073742695,0
ACC00395,0.09070699,0
ACC00778,0.1046855,0
ACC00136,0.059307437,0
ACC01338,0.062033944,0
ACC00095,0.07282342,0
ACC00621,0.079790026,0
ACC01412,0.08484636,0
ACC01857,0.057607252,0
ACC00241,0.07350905,0
ACC00210,0.054608703,0
ACC00351,1.0,1
ACC00544,0.17447348,0
ACC00157,0.09708927,0
ACC01697,0.04988486,0
ACC00901,0.05757884,0
ACC00198,0.060799614,0
ACC00200,0.07713084,0
ACC00912,0.060016613,0
ACC00418,0.073661774,0
ACC00008,0.12157171,0
ACC01820,0.07649747,0
ACC00294,0.105294116,0
ACC00170,0.99999917,1
ACC00463,1.0,1
ACC00856,0.06586204,0
ACC01341,0.11745593,0
ACC01242,0.06605355,0
ACC01156,0.054186314,0
ACC01894,0.083666675,0
ACC00130,0.9997242,1
ACC00436,0.07996112,0
ACC01084,0.058381792,0
ACC01428,1.0,1
ACC01715,0.680111,1
ACC01486,0.061319526,0
ACC01562,0.085386604,0
ACC01386,0.08969407,0
ACC01228,0.09106219,0
ACC01737,0.99999976,1
ACC01838,0.09085629,0
ACC00766,0.060520902,0
ACC01025,0.9999373,1
ACC01179,0.055389784,0
ACC00369,0.055331383,0
ACC00403,0.051875126,0
ACC00904,0.061664026,0
ACC00776,0.08496528,0
ACC01944,0.058078893,0
ACC01641,1.0,1
ACC01748,0.9995679,1
ACC00808,0.05591719,0
ACC01873,0.05336697,0
ACC01711,0.08823599,0
ACC00407,0.07924111,0
ACC00594,0.057893064,0
ACC00411,0.05478526,0
ACC00153,0.06285119,0
ACC01485,0.06936618,0
ACC01648,0.103178576,0
ACC01592,0.06070069,0
ACC00381,0.079608195,0
ACC01310,0.9999994,1
ACC01623,1.0,1
ACC00648,0.09279635,0
ACC01896,0.0574511,0
ACC00526,0.06786376,0
ACC01759,0.9999963,1
ACC00865,0.048898935,0
ACC01799,0.052149653,0
ACC00642,0.075771786,0
ACC00094,0.0716639,0
ACC01165,0.060010295,0
ACC00048,0.083499104,0
ACC01054,0.15176898,0
ACC00357,0.15341024,0
ACC01435,0.06906429,0
ACC00571,0.076671414,0
ACC00327,0.05232769,0
ACC01775,0.06091615,0
ACC01522,0.05482818,0
ACC00700,0.055559933,0
ACC01394,0.070551656,0
ACC00788,0.05357565,0
ACC00021,0.058541823,0
ACC01193,0.050312,0
ACC01713,0.056778125,0
ACC01459,0.049319655,0
ACC00749,0.047289442,0
ACC01804,0.092250906,0
ACC00239,0.062259145,0
ACC00349,0.050224554,0
ACC01366,0.060816355,0
ACC00443,0.058620848,0
ACC00459,0.11249677,0
ACC00741,0.99999154,1
ACC00449,1.0,1
ACC01811,0.12429922,0
ACC00854,0.99994934,1
ACC01276,0.060137667,0
ACC01260,0.078332886,0
ACC01901,0.06417495,0
ACC01622,0.051417384,0
ACC01936,0.05613725,0
ACC00929,0.04669409,0
ACC00922,0.06242946,0
ACC00066,0.059514105,0
ACC00917,0.07330667,0
ACC01767,0.07840246,0
ACC00603,0.057362854,0
ACC01721,0.062269267,0
ACC00570,0.054856118,0
ACC01881,0.07363285,0
ACC00644,0.0713658,0
ACC00663,0.05978454,0
ACC00272,0.090872906,0
ACC01976,0.061816473,0
ACC00373,0.073070645,0
ACC00662,0.060692128,0
ACC01139,0.0706537,0
ACC00818,0.06296366,0
ACC01013,0.06377143,0
ACC00773,0.9999944,1
ACC00179,0.07929444,0
ACC00235,0.1445959,0
ACC01839,0.06579622,0
ACC01132,0.48101315,0
ACC00421,0.06497156,0
ACC01875,0.063531876,0
ACC01673,0.051664505,0
ACC00625,0.0515871,0
ACC01392,0.064584136,0
ACC01142,0.06545248,0
ACC00457,1.0,1
ACC00703,0.08483257,0
ACC00664,0.08742002,0
ACC00493,0.07318246,0
ACC00149,0.062391583,0
ACC00634,0.13800177,0
ACC00352,0.06835012,0
ACC01880,0.06244896,0
ACC00343,0.052265026,0
ACC01359,0.0948001,0
ACC00078,0.060367953,0
ACC00006,0.059967678,0
ACC00668,0.06420886,0
ACC01262,0.05293931,0
ACC00727,0.9998498,1
ACC00370,0.055125523,0
ACC00484,0.06896291,0
ACC00984,0.058172,0
ACC01360,0.05490413,0
ACC00191,0.053934816,0
ACC01752,0.056838248,0
ACC00597,0.07436183,0
ACC00143,0.9955577,1
ACC00568,0.99948955,1
ACC00495,0.056784168,0
ACC01830,0.06885519,0
ACC00638,0.045346778,0
ACC00682,0.99994326,1
ACC01172,0.08484108,0
ACC00390,0.06483467,0
ACC00014,0.056126602,0
ACC00941,0.06724013,0
ACC01176,0.083441205,0
ACC00350,0.058904495,0
ACC00300,1.0,1
ACC00331,0.061493833,0
ACC01993,0.056834884,0
ACC00131,0.056386404,0
ACC00042,0.06070751,0
ACC00259,0.05558916,0
ACC00824,0.063937895,0
ACC00556,0.048898723,0
ACC01122,0.07452709,0
ACC01914,0.056896724,0
ACC01585,0.05907387,0
ACC01127,0.21009022,0
ACC01980,0.1358373,0
ACC01757,0.061177254,0
ACC01094,0.08997447,0
ACC01028,0.05438654,0
ACC01559,0.057013553,0
ACC01240,0.05870181,0
ACC00908,0.06631356,0
ACC00397,0.05925933,0
ACC01805,0.056731556,0
ACC01247,0.09217852,0
ACC01124,0.10574053,0
ACC01450,0.07597741,0
ACC00220,0.10275981,0
ACC01227,0.06511929,0
ACC01097,0.18904535,0
ACC00248,0.066563115,0
ACC00159,0.068261325,0
ACC00855,0.99994683,1
ACC01015,0.06759749,0
ACC01834,0.0691139,0
ACC00798,0.068203576,0
ACC00781,0.065302424,0
ACC00452,0.99999964,1
ACC01080,0.05146606,0
ACC01340,0.070854165,0
ACC01516,0.9997582,1
ACC00285,1.0,1
ACC01795,0.0562531,0
ACC00826,0.9999999,1
ACC00027,0.09287355,0
ACC01320,0.05851375,0
ACC00206,0.083830126,0
ACC00723,0.070458055,0
ACC01001,0.13793406,0
ACC01597,0.056853045,0
ACC01869,0.049736533,0
ACC00767,0.07265675,0
ACC01445,0.10210344,0
ACC01797,0.074719846,0
ACC00903,0.044846762,0
ACC01413,0.081373036,0
ACC00400,0.057915516,0
ACC00992,0.05343124,0
ACC01831,0.057373594,0
ACC00137,0.121635064,0
ACC00927,0.9933698,1
ACC01335,0.058055326,0
ACC01105,0.07254829,0
ACC00377,0.11504698,0
ACC01572,0.99998176,1
ACC01490,0.06337687,0
ACC01271,0.058484137,0
ACC00626,0.055287834,0
ACC01732,0.06104901,0
ACC01052,0.068294,0
ACC00386,0.123985946,0
ACC00432,0.060211554,0
ACC01120,0.0726549,0
ACC01135,0.06334447,0
ACC00438,0.06918263,0
ACC01719,0.09692712,0
ACC01244,0.055131093,0
ACC00803,0.9989718,1
ACC00780,0.08158297,0
ACC01905,0.063468136,0
ACC00460,0.1051248,0
ACC01269,0.11641066,0
ACC00692,0.07433261,0
ACC00013,0.999297,1
ACC00330,0.9999896,1
ACC01666,0.058087148,0
ACC01261,0.051415,0
ACC01456,0.053919513,0
ACC00289,0.062258627,0
ACC00608,0.0664224,0
ACC00952,0.05722555,0
ACC00098,0.52321064,1
ACC01547,0.13371666,0
ACC00938,0.064940915,0
ACC01537,0.06502619,0
ACC01523,0.079905644,0
ACC01433,0.06197374,0
ACC00577,0.057059027,0
ACC01524,0.0658672,0
ACC00513,0.058439203,0
ACC00374,0.056330286,0
ACC00770,0.047825497,0
ACC01851,0.049503293,0
ACC01989,0.9997305,1
ACC01170,0.06692155,0
ACC00966,0.05506463,0
ACC00588,0.062058255,0
ACC00140,0.121176794,0
ACC00176,0.063732736,0
ACC01632,0.05621815,0
ACC01822,0.061681274,0
ACC01776,0.06056599,0
ACC00172,0.07537629,0
ACC01051,0.05779622,0
ACC00116,0.05825521,0
ACC00469,0.059082832,0
ACC01898,0.074556634,0
ACC01859,0.05019516,0
ACC00173,0.11706232,0
ACC00410,0.058279596,0
ACC01541,0.056662604,0
ACC01655,0.09942247,0
ACC00864,0.99987805,1
ACC00652,0.9999827,1
ACC00720,0.07472653,0
ACC01738,0.12307367,0
ACC01504,0.060496308,0
ACC01630,0.06415573,0
ACC00728,0.052394763,0
ACC00417,0.05934807,0
ACC00758,0.059522696,0
ACC01927,0.05795814,0
ACC00307,1.0,1
ACC00624,0.052528463,0
ACC01346,0.0639489,0
ACC00244,0.07072793,0
ACC00214,0.067561805,0
ACC00433,0.061412595,0
ACC01922,0.05845471,0
ACC00945,0.057267852,0
ACC01917,0.06738988,0
ACC01796,0.05448336,0
ACC00061,0.063725635,0
ACC00502,0.049790423,0
ACC01911,0.059432164,0
ACC00005,0.06921855,0
ACC00814,0.06250986,0
ACC00277,0.05698329,0
ACC01079,0.0797256,0
ACC01979,0.05933458,0
ACC00772,0.9993272,1
ACC01169,0.06115281,0
ACC01182,0.06847855,0
ACC01716,0.06355519,0
ACC00646,0.07195742,0
ACC01538,0.96888775,1
ACC00425,0.08010746,0
ACC00069,0.062435742,0
ACC00657,0.064740665,0
ACC00181,0.053021066,0
ACC01005,0.10970251,0
ACC00669,0.071868755,0
ACC00935,0.049005568,0
ACC01297,0.06854535,0
ACC00441,0.06057309,0
ACC01762,0.058546476,0
ACC01141,0.05734953,0
ACC00940,0.04981265,0
ACC00189,0.06382748,0
ACC00635,0.06439798,0
ACC00617,0.051248163,0
ACC00576,0.057013016,0
ACC01039,0.07231754,0
ACC01185,0.089039594,0
ACC01026,0.072598875,0
ACC01823,0.99999905,1
ACC00293,0.07548539,0
ACC01604,0.07627941,0
ACC00579,0.12617593,0
ACC01451,1.0,1
ACC01384,0.06194788,0
ACC01206,0.07199784,0
ACC00408,0.07099079,0
ACC00883,0.089414336,0
ACC01803,0.07119485,0
ACC01520,0.06720811,0
ACC00837,0.05983039,0
ACC01749,1.0,1
ACC01377,0.063039124,0
ACC01350,0.04526134,0
ACC00879,0.99999464,1
ACC00156,0.07067677,0
ACC01083,0.059900455,0
ACC01369,0.07656612,0
ACC01333,0.074052066,0
ACC00512,0.068314485,0
ACC01970,0.059692185,0
ACC01497,0.9998816,1
ACC01452,0.076639414,0
ACC00382,0.9997725,1
ACC00399,0.05331077,0
ACC01421,0.087533675,0
ACC01140,0.055333905,0
ACC00211,0.055271074,0
ACC01747,0.053498093,0
ACC01211,0.0711429,0
ACC01636,0.062680796,0
ACC00240,0.06304152,0
ACC01294,0.06824826,0
ACC00266,0.07067714,0
ACC00257,0.052094497,0
ACC01526,0.06256474,0
ACC01288,0.07906546,0
ACC01906,0.06555684,0
ACC00053,0.061053984,0
ACC01426,0.053211156,0
ACC00554,0.14660013,0
ACC00009,0.07057399,0
ACC00615,0.04973679,0
ACC01374,0.07299582,0
ACC01093,0.99999034,1
ACC01798,0.11168409,0
ACC01712,0.06331005,0
ACC00982,0.06386273,0
ACC00843,0.060104873,0
ACC00599,0.074447304,0
ACC01743,0.05489331,0
ACC00314,0.05770428,0
ACC00297,0.06011914,0
ACC01828,0.058827303,0
ACC01780,0.055511963,0
ACC01568,0.11899023,0
ACC00524,1.0,1
ACC00313,0.11430037,0
ACC00340,0.05654256,0
ACC00104,0.0603639,0
ACC01095,0.06366065,0
ACC01872,0.07145681,0
ACC00687,0.9987545,1
ACC00203,0.99999917,1
ACC00326,1.0,1
ACC00889,0.06566832,0
ACC00355,0.9999535,1
ACC00371,1.0,1
ACC01617,0.048657633,0
ACC01678,0.06091888,0
ACC00680,0.06421861,0
ACC00845,0.0632375,0
ACC00688,0.06077402,0
ACC01751,0.054615203,0
ACC00298,0.058364782,0
ACC00527,0.06947846,0
ACC00051,1.0,1
ACC01265,0.077838,0
ACC01781,0.060103323,0
ACC01246,0.06282113,0
ACC01273,0.05487392,0
ACC00919,0.07676763,0
ACC01243,0.9999987,1
ACC01529,0.052954867,0
ACC00896,0.073507525,0
ACC00995,0.13106221,0
ACC00416,0.08261291,0
ACC01304,0.06859709,0
ACC01967,0.047195416,0
ACC00719,0.07333065,0
ACC01897,0.06314569,0
ACC01364,0.07714229,0
ACC00550,0.057621054,0
ACC01768,0.06011986,0
ACC00573,0.06830716,0
ACC01718,0.057700504,0
ACC00897,0.06336759,0
ACC00020,0.07305877,0
ACC01708,0.074597895,0
ACC01843,1.0,1
ACC00976,0.99999976,1
ACC01625,0.09910758,0
ACC00087,0.0740487,0
ACC00880,0.057653382,0
ACC01017,0.06421874,0
ACC01746,0.061130058,0
ACC00565,0.13810572,0
ACC01603,0.10587342,0
ACC00906,0.06972543,0
ACC00807,0.050803963,0
ACC01933,0.059299774,0
ACC01519,0.07047533,0
ACC01489,0.077037625,0
ACC00742,0.9999994,1
ACC01640,0.06799387,0
ACC00963,0.077669494,0
ACC00699,0.05472721,0
ACC00785,0.060515344,0
ACC00816,0.06051874,0
ACC00691,0.066596374,0
ACC01739,0.04984526,0
ACC01996,0.07264322,0
ACC00037,0.060393058,0
ACC01988,0.079039454,0
ACC00522,0.05898532,0
ACC00161,0.9999769,1
ACC00733,0.111228615,0
ACC01234,1.0,1
ACC01290,0.09139954,0
ACC00012,0.057600114,0
ACC01561,0.0760751,0
ACC01772,0.99973506,1
ACC01126,0.9995127,1
ACC01308,0.09219863,0
ACC01464,0.059651982,0
ACC01195,0.093670025,0
ACC00866,0.99999976,1
ACC00348,0.06596676,0
ACC00262,0.048663348,0
ACC01619,0.08019665,0
ACC00960,0.07513537,0
ACC01229,0.06889285,0
ACC00631,0.10958861,0
ACC01766,0.08718464,0
ACC01879,0.99896276,1
ACC01952,0.05981798,0
ACC01200,0.05181076,0
ACC01194,0.0859814,0
ACC01029,0.06849204,0
ACC00147,0.048795085,0
ACC01855,0.055349834,0
ACC00096,0.08983762,0
ACC01390,0.063247584,0
ACC01104,0.065858394,0
ACC01035,0.08346794,0
ACC00534,0.06886207,0
ACC01509,0.053503793,0
ACC01220,0.17093779,0
ACC00363,0.061692476,0
ACC00038,0.061917905,0
ACC00813,0.06482811,0
ACC00693,0.05187909,0
ACC01634,0.0783377,0
ACC01174,0.068882406,0
ACC00034,0.9999943,1
ACC01611,0.09483334,0
ACC01930,0.09133983,0
ACC00089,0.0668107,0
ACC00023,0.08135862,0
ACC00099,0.060153738,0
ACC01586,0.060995825,0
ACC01554,0.06377582,0
ACC00592,0.04901156,0
ACC01949,0.06213168,0
ACC00676,0.074018344,0
ACC01789,0.06152699,0
ACC00052,0.09938063,0
ACC01344,0.061133463,0
ACC00804,0.08008019,0
ACC00869,0.056478783,0
ACC01703,0.07832293,0
ACC01198,0.07198525,0
ACC00737,0.057619736,0
ACC01226,0.12021935,0
ACC01256,0.06768883,0
ACC00388,0.07027546,0
ACC01020,0.063819475,0
ACC00840,0.07063664,0
ACC00961,0.9999989,1
ACC00844,0.06398885,0
ACC01665,0.05298359,0
ACC01594,0.07014451,0
ACC00610,0.052610822,0
ACC01056,0.99936324,1
ACC00562,0.07584681,0
ACC00379,0.05612947,0
ACC01449,0.07466479,0
ACC01521,0.084579654,0
ACC00564,0.09666153,0
ACC01999,0.070777625,0
ACC01070,0.9999907,1
ACC00188,0.05284694,0
ACC00665,0.99999833,1
ACC01698,0.08298023,0
ACC00335,0.06449085,0
ACC01596,0.08324042,0
ACC01286,0.10208425,0
ACC00178,0.99719465,1
ACC01274,0.06432011,0
ACC01221,0.050735142,0
ACC00359,0.08401456,0
ACC00208,0.078455925,0
ACC00144,0.09436056,0
ACC01050,0.06816117,0
ACC01633,0.055474274,0
ACC01664,0.16046521,0
ACC00286,0.06291869,0
ACC01218,0.06318676,0
ACC01662,0.06788817,0
ACC01870,0.056219894,0
ACC01810,0.055653762,0
ACC01518,1.0,1
ACC00375,0.092921264,0
ACC01381,0.9974262,1
ACC00714,0.053674288,0
ACC01212,0.049479157,0
ACC00537,0.0935947,0
ACC00430,0.06693998,0
ACC01733,0.04307804,0
ACC01457,0.054495383,0
ACC01408,0.0826593,0
ACC00279,0.049407832,0
ACC01502,0.053780787,0
ACC00722,0.99905807,1
ACC01278,0.07148979,0
ACC00199,0.06210594,0
ACC01582,0.058441408,0
ACC01571,0.05308537,0
ACC01484,1.0,1
ACC00499,0.99998426,1
ACC01331,0.9999999,1
ACC00828,0.05188512,0
ACC00762,0.06262865,0
ACC01558,0.9999292,1
ACC00317,0.056927655,0
ACC01583,0.0813581,0
ACC01577,0.047909833,0
ACC01893,0.1586067,0
ACC00948,0.06479833,0
ACC00019,0.059010047,0
ACC00956,0.06702673,0
ACC00876,0.061670486,0
ACC01555,0.080780566,0
ACC01375,0.099915445,0
ACC01397,0.9999529,1
ACC01908,0.07019681,0
ACC01919,0.060576998,0
ACC00301,0.055705886,0
ACC01420,0.070919804,0
ACC01188,0.11158345,0
ACC01744,0.052023314,0
ACC01041,0.056393888,0
ACC00605,0.06820318,0
ACC01325,0.06427547,0
ACC00123,0.05791626,0
ACC01343,0.08401539,0
ACC01027,0.06845118,0
ACC00448,0.062852964,0
ACC01315,0.100927286,0
ACC01305,0.073617764,0
ACC01208,0.063767985,0
ACC00871,0.07201167,0
ACC01199,0.99983895,1
ACC00229,0.05758293,0
ACC01785,0.12148787,0
ACC00212,0.07224093,0
ACC01560,0.06377894,0
ACC00931,0.07771924,0
ACC01237,0.063708134,0
ACC00292,0.06910049,0
ACC00822,0.11717146,0
ACC00726,0.059689682,0
ACC01961,0.06891501,0
ACC00254,0.056131147,0
ACC00696,0.056226574,0
ACC01926,0.11282655,0
ACC00354,0.06670449,0
ACC01016,1.0,1
ACC01089,0.057491723,0
ACC00739,0.106825374,0
ACC00067,0.05376305,0
ACC01442,0.9999722,1
ACC01136,0.09483149,0
ACC00251,0.06442189,0
ACC01204,0.051423237,0
ACC00891,0.063119784,0
ACC00424,0.093043625,0
ACC00958,0.075492755,0
ACC00600,1.0,1
ACC00529,0.062143546,0
ACC00598,0.062291697,0
ACC00602,0.061921056,0
ACC01429,0.08445705,0
ACC00701,0.05758732,0
ACC00721,0.064853266,0
ACC00462,0.0622435,0
ACC01326,0.06605645,0
ACC01160,0.06429871,0
ACC01808,0.05964081,0
ACC00819,0.06102224,0
ACC00557,0.06298184,0
ACC01841,0.064761594,0
ACC00831,0.05714049,0
ACC00446,0.05891217,0
ACC00368,0.05544155,0
ACC01987,0.066609465,0
ACC01087,0.06483703,0
ACC00887,0.054367315,0
ACC01740,0.071435265,0
ACC01557,0.065302484,0
ACC01114,0.051068835,0
ACC01403,1.0,1
ACC00296,0.055818014,0
ACC01321,0.06669523,0
ACC01147,0.05237875,0
ACC00273,0.05318937,0
ACC00895,0.07754811,0
ACC00584,0.99973005,1
ACC00466,0.07011682,0
ACC01659,0.07353881,0
ACC01973,0.9970272,1
ACC01264,0.054403733,0
ACC00003,0.060167976,0
ACC01938,0.085779704,0
ACC01824,0.99988127,1
ACC00076,0.08502645,0
ACC01907,0.063329,0
ACC01692,0.07944445,0
ACC00697,0.07883458,0
ACC00026,0.10018178,0
ACC00686,0.059130218,0
ACC00685,0.06426236,0
ACC01328,0.060860258,0
ACC00246,0.10800605,0
ACC01588,0.057253923,0
ACC01567,0.07138496,0
ACC01145,0.2317445,0
ACC01068,0.9999999,1
ACC01008,0.06693421,0
ACC00710,1.0,1
ACC01492,1.0,1
ACC00833,0.05332538,0
ACC00521,0.10243544,0
ACC00312,0.06341956,0
ACC00252,0.06408219,0
ACC00870,1.0,1
ACC01815,1.0,1
ACC01281,0.060679786,0
ACC00649,0.057773624,0
ACC01151,1.0,1
ACC00596,0.061227888,0
ACC00745,0.061599605,0
ACC00303,0.07686065,0
ACC00447,0.079636954,0
ACC01477,0.077230625,0
ACC00783,0.06499651,0
ACC01645,1.0,1
ACC01507,0.99990964,1
ACC01904,0.04635775,0
ACC00586,1.0,1
ACC01915,0.08536092,0
ACC01883,0.99999094,1
ACC01512,0.14293239,0
ACC00479,0.0593664,0
ACC00543,0.09613457,0
ACC01638,0.99999535,1
ACC00884,0.061793376,0
ACC00030,0.9999964,1
ACC00881,0.1256045,0
ACC00658,0.06944269,0
ACC01046,0.061336268,0
ACC01499,0.05725914,0
ACC01569,1.0,1
ACC00985,0.057447016,0
ACC00928,0.05883054,0
ACC00186,0.066223994,0
ACC01835,0.06418697,0
ACC01205,0.056327544,0
ACC00827,0.097262345,0
ACC01792,0.9993838,1
ACC01467,0.054359183,0
ACC00629,0.058155295,0
ACC01531,0.056712776,0
ACC00656,0.06890427,0
ACC00412,0.99999833,1
ACC00578,0.055593647,0
ACC00734,0.05908764,0
ACC00914,0.04769626,0
ACC01695,0.04298583,0
ACC00779,0.08162182,0
ACC01832,0.11362499,0
ACC00365,0.0641736,0
ACC01123,0.06440882,0
ACC00538,0.075241104,0
ACC00851,0.05737361,0
ACC01103,0.070616715,0
ACC00384,0.06964494,0
ACC01694,0.06471795,0
ACC01995,0.9999968,1
ACC00765,0.07086179,0
ACC00044,0.07373524,0
ACC01690,0.056816842,0
ACC00539,0.060661472,0
ACC00823,0.10975184,0
ACC00711,0.074159645,0
ACC01447,0.05962841,0
ACC00167,0.08490982,0
ACC00841,0.99418664,1
ACC00378,0.05556081,0
ACC00990,0.058030743,0
ACC00276,0.061763044,0
ACC01183,0.06128454,0
ACC01163,0.19279777,0
ACC01475,0.06322222,0
ACC00847,0.07442188,0
ACC00619,0.08632378,0
ACC01058,0.99998724,1
ACC01372,0.081364684,0
ACC01514,0.049526226,0
ACC01887,0.06077378,0
ACC00751,0.07788632,0
ACC00124,0.076415725,0
ACC01423,0.0681001,0
ACC01493,0.063659064,0
ACC01556,0.05824184,0
ACC00924,0.06056934,0
ACC00994,0.056751203,0
ACC01009,0.058413412,0
ACC01806,1.0,1
ACC01422,0.08434677,0
ACC01470,0.050555192,0
ACC01756,0.9999994,1
ACC00567,0.05079861,0
ACC00916,0.05857276,0
ACC01753,0.061152533,0
ACC00120,0.08135696,0
ACC01424,0.057521738,0
ACC01107,0.053535182,0
ACC01940,0.059136394,0
ACC00747,0.15374587,0
ACC01816,0.05979794,0
ACC00632,0.07321033,0
ACC00944,0.073264636,0
ACC00506,0.047723442,0
ACC00454,0.10237593,0
ACC01337,0.06461346,0
ACC01684,0.9999982,1
ACC00414,1.0,1
ACC01414,0.05510212,0
ACC00661,0.06072663,0
ACC00981,0.06761525,0
ACC00746,0.08073505,0
ACC01106,0.054762296,0
ACC01090,0.07548651,0
ACC00698,0.075414054,0
ACC01115,0.065249994,0
ACC01498,0.06769487,0
ACC01301,0.08369043,0
ACC00863,1.0,1
ACC01680,0.08073943,0
ACC01253,0.11945216,0
ACC01826,0.07253094,0
ACC00614,0.053353578,0
ACC00100,0.061685577,0
ACC01073,0.06332273,0
ACC00015,0.06311604,0
ACC01401,0.066170424,0
ACC00486,0.96830297,1
ACC01137,0.057579774,0
ACC01409,0.071269765,0
ACC00888,0.05496099,0
ACC00467,0.07067391,0
ACC00065,0.05942171,0
ACC00477,0.054757785,0
ACC01266,0.9999994,1
ACC00519,0.06672431,0
ACC01735,0.053537678,0
ACC01048,0.05648132,0
ACC00117,0.06526399,0
ACC01018,0.060886115,0
ACC00308,0.11115878,0
ACC01551,0.05912685,0
ACC00491,1.0,1
ACC00930,0.06799596,0
ACC01469,0.9998784,1
ACC01223,1.0,1
ACC01418,0.053137504,0
ACC01704,0.059976615,0
ACC01458,0.07737569,0
ACC01235,0.06190738,0
ACC00679,0.07587473,0
ACC00834,0.99999106,1
ACC01779,1.0,1
ACC00001,0.9998492,1
ACC00088,0.10251933,0
ACC01977,0.06825129,0
ACC00791,0.06511776,0
ACC01393,0.058646087,0
ACC01233,0.06488756,0
ACC00740,0.9962535,1
ACC01224,0.089119926,0
ACC00035,0.057616018,0
ACC01552,0.08051608,0
ACC00695,0.05810425,0
ACC00566,0.12305701,0
ACC00209,1.0,1
ACC01263,0.063313164,0
ACC00222,0.1064873,0
ACC00472,0.06777654,0
ACC00998,0.060478814,0
ACC01399,0.057705212,0
ACC00487,0.15105553,0
ACC01814,0.06010331,0
ACC00552,0.06855673,0
ACC00636,0.05527202,0
ACC01213,0.060590457,0
ACC01280,0.057659734,0
ACC01119,0.055586588,0
ACC00709,0.06054463,0
ACC00481,0.05516423,0
ACC00064,0.077612095,0
ACC01391,0.057397284,0
ACC01406,0.079857655,0
ACC00183,0.9999287,1
ACC00236,0.11498175,0
ACC00786,0.056665,0
ACC00838,0.055509664,0
ACC00306,0.05672145,0
ACC01376,0.062818676,0
ACC00192,0.055476937,0
ACC00150,0.06392763,0
ACC00811,0.06600723,0
ACC01059,0.054501895,0
ACC01196,1.0,1
ACC00886,0.073639944,0
ACC01161,0.077768385,0
ACC01885,0.0720947,0
ACC00197,0.06026531,0
ACC00322,0.07112918,0
ACC00205,0.9971712,1
ACC00759,0.09864867,0
ACC01515,0.055956975,0
ACC01431,0.062128697,0
ACC01707,0.06485344,0
ACC01535,0.06948176,0
ACC00207,0.057465777,0
ACC01471,0.9999999,1
ACC00264,0.10529838,0
ACC00227,0.060105264,0
ACC00775,0.060765564,0
ACC01129,1.0,1
ACC00164,1.0,1
ACC01443,0.17197388,0
ACC00347,0.06549802,0
ACC00344,0.06318041,0
ACC01219,0.07601186,0
ACC00974,0.055735394,0
ACC01833,1.0,1
ACC00555,0.0858368,0
ACC01807,1.0,1
ACC00760,0.06755705,0
ACC01942,0.07930289,0
ACC00892,0.071803324,0
ACC01544,0.05293884,0
ACC00106,0.056447152,0
ACC01400,0.9999999,1
ACC01187,0.99917173,1
ACC00520,0.04716072,0
ACC00587,0.046160456,0
ACC01362,0.05533353,0
ACC01874,1.0,1
ACC01155,0.062273007,0
ACC00091,0.9999862,1
ACC01086,0.059782997,0
ACC00488,1.0,1
ACC00295,0.06911756,0
ACC01300,0.06443724,0
ACC01091,0.99998045,1
ACC00832,0.07507783,0
ACC00547,1.0,1
ACC00075,0.06621452,0
ACC00950,0.075500034,0
ACC00852,0.061460253,0
ACC00483,0.072793536,0
ACC01984,0.06423711,0
ACC00360,0.055764128,0
ACC01192,0.060645755,0
ACC00575,0.09836917,0
ACC00184,0.05260545,0
ACC01540,0.056385253,0
ACC00932,0.069828466,0
ACC01121,0.12509418,0
ACC01292,0.059918292,0
ACC01683,0.05467403,0
ACC00476,0.05712811,0
ACC01876,0.082516514,0
ACC00422,0.071472995,0
ACC00915,0.05343272,0
ACC00492,0.064078584,0
ACC01635,0.058299698,0
ACC01720,0.05932,0
ACC00154,0.090746954,0
ACC00713,0.061970413,0
ACC01754,0.06436472,0
ACC01793,0.0615605,0
ACC01138,0.11624239,0
ACC01681,0.055901024,0
ACC01460,0.06028908,0
ACC00754,0.053457346,0
ACC00569,0.06966983,0
ACC01890,0.13538665,0
ACC01425,0.06575864,0
ACC00201,0.07034949,0
ACC00318,0.10045958,0
ACC01658,0.061125077,0
ACC01725,0.057392538,0
ACC00152,1.0,1
ACC00763,0.13767229,0
ACC01590,0.06253907,0
ACC01628,0.0630937,0
ACC00507,0.060709342,0
ACC00404,0.06433297,0
ACC00988,0.079550505,0
ACC01763,0.100634284,0
ACC00043,0.15609126,0
ACC00482,0.99999774,1
ACC00409,1.0,1
ACC00070,0.05138982,0
ACC00269,0.064695485,0
ACC00024,0.05929602,0
ACC00977,0.059327986,0
ACC01962,0.062717885,0
ACC00180,0.060663495,0
ACC01081,0.057945594,0
ACC01279,0.057801638,0
ACC01813,0.07852771,0
ACC01955,0.055372648,0
ACC00797,0.071214005,0
ACC00717,0.046073016,0
ACC01951,0.06916025,0
ACC01448,0.06799031,0
ACC01077,0.057926673,0
ACC00474,0.058508247,0
ACC00708,0.096967824,0
ACC00041,0.08590989,0
ACC01063,0.05894048,0
ACC00787,0.99987113,1
ACC00799,0.09169299,0
ACC00716,0.055642843,0
ACC00101,0.067938596,0
ACC00367,0.058537308,0
ACC00653,0.057009615,0
ACC01036,0.058522534,0
ACC01787,0.07234874,0
ACC00681,0.05358207,0
ACC00551,0.063301764,0
ACC00965,0.05581369,0
ACC01946,0.057777535,0
ACC00894,0.07796728,0
ACC00756,0.10797567,0
ACC01657,0.05951516,0
ACC01892,0.08235457,0
ACC00582,1.0,1
ACC00079,0.08789597,0
ACC01865,0.073527664,0
ACC01481,0.070257775,0
ACC00256,0.12795311,0
ACC01479,0.14369498,0
ACC00581,0.066907495,0
ACC01466,0.06266655,0
ACC01953,0.07391216,0
ACC01965,0.05870084,0
ACC00345,0.057019673,0
ACC00655,0.06828194,0
ACC01031,0.061661314,0
ACC00480,0.050214373,0
ACC01345,0.06804039,0
ACC01210,0.083146736,0
ACC01676,0.15633576,0
ACC00572,0.054432712,0
ACC00243,0.04761844,0
ACC01067,0.060272116,0
ACC01790,0.0516319,0
ACC00743,0.07179017,0
ACC01003,0.06611079,0
ACC01734,0.06867316,0
ACC01669,0.06695356,0
ACC01934,0.0661534,0
ACC01474,0.074114144,0
ACC01837,0.05985509,0
ACC00835,0.08912051,0
ACC00800,0.07987341,0
ACC01291,0.05058802,0
ACC01576,0.1950928,0
ACC00939,0.06468455,0
ACC00415,0.060875844,0
ACC01954,0.06171915,0
ACC00063,0.061091803,0
ACC00675,0.06527929,0
ACC00777,0.05146542,0
ACC00074,0.08243569,0
ACC00268,0.081713185,0
ACC01201,0.057084896,0
ACC00560,0.0747829,0
ACC01925,0.08098739,0
ACC00902,0.059668034,0
ACC00456,0.058298573,0
ACC00195,0.054679204,0
ACC00812,0.069112025,0
ACC01533,0.071283,0
ACC01646,0.99998856,1
ACC01319,0.045131758,0
ACC01809,0.08516991,0
ACC01573,0.10482256,0
ACC00989,0.084324546,0
ACC00225,0.06167929,0
ACC01627,0.063442566,0
ACC01417,0.057162225,0
ACC01351,0.11640398,0
ACC01249,0.9999993,1
ACC01130,0.08147196,0
ACC00548,0.05418358,0
ACC01948,0.06510989,0
ACC01771,0.065048695,0
ACC00151,0.060799833,0
ACC01783,0.06279893,0
ACC00725,0.062180046,0
ACC01729,0.059854493,0
ACC01258,0.071496315,0
ACC00933,1.0,1
ACC00475,0.99903333,1
ACC00650,0.07105884,0
ACC00738,0.9991246,1
ACC01178,0.061331596,0
ACC01750,0.05689057,0
ACC00420,0.060724154,0
ACC00182,0.053481027,0
ACC00574,0.061598238,0
ACC00341,0.05991356,0
ACC00204,0.06193929,0
ACC00334,0.057231396,0
ACC01355,1.0,1
ACC01667,0.06002224,0
ACC00630,0.046370722,0
ACC01932,0.07684987,0
ACC00515,0.077835016,0
ACC01591,0.05979183,0
ACC00637,0.07652885,0
ACC00748,0.05332172,0
ACC00604,0.0607056,0
ACC01812,0.057850815,0
ACC00444,0.096112385,0
ACC00218,0.07770592,0
ACC00705,0.060146354,0
ACC00829,0.056169543,0
ACC01929,0.9999995,1
ACC01348,0.055296555,0
ACC01000,1.0,1
ACC01368,1.0,1
ACC00237,0.051236685,0
ACC01378,0.9999999,1
ACC01482,0.9985158,1
ACC01918,0.09365307,0
ACC00957,1.0,1
ACC01024,0.13406922,0
ACC01960,0.09230751,0
ACC00517,0.05849664,0
ACC01430,1.0,1
ACC01602,0.07563311,0
ACC00732,0.06535929,0
ACC00234,0.072583966,0
ACC01991,0.061697893,0
ACC00083,0.1937129,0
ACC00690,1.0,1
ACC01365,0.12188718,0
ACC00593,0.9999995,1
ACC01563,0.07140107,0
ACC01543,0.07786189,0
ACC01957,0.08762476,0
ACC00000,0.21690477,0
ACC00324,0.07348659,0
ACC01643,0.054344054,0
ACC00525,0.05953567,0
ACC00561,0.9999956,1
ACC01525,0.048155304,0
ACC00283,0.06856922,0
ACC00991,0.09132509,0
ACC00490,0.05071418,0
ACC01982,0.076381005,0
ACC00937,0.086159974,0
ACC01913,0.05672543,0
ACC01819,0.057417694,0
ACC00612,0.9994104,1
ACC00376,0.06253172,0
ACC00358,0.05243738,0
ACC00458,0.06438445,0
ACC01644,0.05751149,0
ACC01034,0.055725653,0
ACC00055,0.05854427,0
ACC00736,0.06069128,0
ACC01923,0.06476814,0
ACC00771,0.060706425,0
ACC01232,0.1419427,0
ACC00820,0.057286132,0
ACC00874,0.061312634,0
ACC01146,0.08275551,0
ACC01553,0.05616396,0
ACC01057,0.062503435,0
ACC00677,0.057649154,0
ACC00769,0.99998784,1
ACC01272,1.0,1
ACC00265,1.0,1
ACC01501,0.066843905,0
ACC01677,0.9992555,1
ACC01700,0.9999999,1
ACC01971,0.059738263,0
ACC01736,0.081625246,0
ACC00846,0.05837896,0
ACC01575,0.058531202,0
ACC00280,0.0610078,0
ACC01432,0.16674206,0
ACC01111,0.057363797,0
ACC01580,0.08909169,0
ACC00050,0.055728946,0
ACC01864,0.092346005,0
ACC01600,0.04288848,0
ACC01847,0.06864853,0
ACC00263,0.04468403,0
ACC00949,0.08306305,0
ACC00090,0.062394038,0
ACC01784,0.053051315,0
ACC00964,0.059264697,0
ACC01189,0.054677352,0
ACC01112,0.05308175,0
ACC01959,0.08333552,0
ACC01614,0.061628442,0
ACC01339,0.05832997,0
ACC00909,0.09408311,0
ACC01357,0.07150395,0
ACC00589,0.99996626,1
ACC01255,0.058227487,0
ACC01886,0.064559,0
ACC01411,0.054651387,0
ACC00427,0.0647203,0
ACC00980,0.052114774,0
ACC00231,0.061363205,0
ACC01239,0.06009637,0
ACC01437,0.04516714,0
ACC01313,0.055754546,0
ACC01398,0.081963286,0
ACC00607,0.07607196,0
ACC00393,0.29812902,0
ACC01888,0.07165034,0
ACC00288,0.052503522,0
ACC00470,0.056656193,0
ACC00755,0.07538128,0
ACC00423,0.06134107,0
ACC01312,0.9979386,1
ACC01453,0.07074248,0
ACC00281,0.0535823,0
ACC01947,0.06323221,0
ACC00337,0.0688802,0
ACC01154,0.082153395,0
ACC01624,0.09479699,0
ACC00115,0.08141267,0
ACC01755,0.0671579,0
ACC01358,0.07034578,0
ACC01717,0.1193303,0
ACC01549,0.058582228,0
ACC01745,0.060596008,0
ACC00402,0.05854615,0
ACC00190,0.0745317,0
ACC00097,1.0,1
ACC01782,0.078704044,0
ACC01405,0.056676637,0
ACC01267,0.07437952,0
ACC00177,0.056564514,0
ACC00221,0.063374475,0
ACC00553,0.05565019,0
ACC01190,0.2058006,0
ACC00059,0.07224758,0
ACC01446,0.13600083,0
ACC01656,0.08203945,0
ACC00540,0.057821136,0
ACC01510,0.05273648,0
ACC01021,0.054238267,0
ACC00253,0.091448136,0
ACC01945,0.060018495,0
ACC01158,0.058022376,0
ACC00497,0.06396395,0
ACC00724,0.052954264,0
ACC01741,0.068122014,0
ACC00114,0.060109288,0
ACC01731,0.06741679,0
ACC01613,0.06430371,0
ACC01329,0.10800401,0
ACC01465,0.07357039,0
ACC00468,0.9999994,1
ACC01642,0.06784885,0
ACC00730,0.06304189,0
ACC01062,0.056196336,0
ACC01500,0.10066417,0
ACC00166,0.06449712,0
ACC01367,0.054564703,0
ACC00440,0.99999976,1
ACC01159,0.060250927,0
ACC00651,0.07819738,0
ACC01862,0.15237345,0
ACC00316,0.059339896,0
ACC00302,0.058136947,0
ACC00389,0.051136203,0
ACC00498,0.065739885,0
ACC01867,0.06099176,0
ACC00890,0.10616427,0
ACC01387,0.070213765,0
ACC00954,0.06307435,0
ACC00505,0.06525422,0
ACC01532,0.08003646,0
ACC01682,0.063735396,0
ACC00645,0.06172967,0
ACC01251,0.99999905,1
ACC01241,0.19431902,0
ACC00623,0.9999999,1
ACC00503,1.0,1
ACC01012,0.08730278,0
ACC01615,0.07190019,0
ACC00284,0.049284067,0
ACC01065,0.05751636,0
ACC01921,0.28008455,0
ACC00134,0.06505689,0
ACC00712,0.10314885,0
ACC01912,1.0,1
ACC01415,0.05932203,0
ACC00609,0.08236867,0
ACC00535,0.9999994,1
ACC01061,0.06449424,0
ACC00643,0.06661148,0
ACC00428,0.05938106,0
ACC00185,0.13754916,0
ACC00435,0.054991893,0
ACC00518,0.060807895,0
ACC01606,0.09265077,0
ACC00141,0.057271544,0
ACC00346,0.052464943,0
ACC00918,0.43216863,0
ACC01383,0.072819844,0
ACC01702,0.08780236,0
ACC00242,0.054593656,0
ACC00485,0.053080887,0
ACC01202,0.057615336,0
ACC00148,0.06252908,0
ACC00445,0.07860044,0
ACC00138,0.0646223,0
ACC01455,0.08228703,0
ACC00613,0.06679235,0
ACC01964,0.13076188,0
ACC00862,0.049033016,0
ACC01674,1.0,1
ACC01714,0.07047208,0
ACC01626,0.059841514,0
ACC01943,0.09067486,0
ACC00413,0.06240825,0
ACC01072,0.07095702,0
ACC01085,0.07948425,0
ACC01307,0.15560742,0
ACC01825,0.061864313,0
ACC01670,1.0,1
ACC01818,0.056498095,0
ACC01275,0.060551614,0
ACC00405,0.065601856,0
ACC01671,0.060485765,0
ACC00757,0.1046438,0
ACC01006,0.056933247,0
ACC01998,0.070760526,0
ACC01438,0.07851678,0
ACC01727,0.0766511,0
ACC00129,0.054773606,0
ACC00789,0.061013535,0
ACC01231,0.06898855,0
ACC01701,0.080917135,0
ACC01298,0.99999976,1
ACC01022,0.07340958,0
ACC00702,0.08561184,0
ACC01439,0.060807094,0
ACC00861,0.11766107,0
ACC01491,0.9999969,1
ACC01007,0.05254356,0
ACC00858,0.058472194,0
ACC00790,0.048523135,0
ACC00611,0.070161425,0
ACC01565,0.058719363,0
ACC00968,0.9999999,1
ACC01191,0.06420442,0
ACC00528,0.0587162,0
ACC00735,0.07513331,0
ACC00175,1.0,1
ACC01765,0.4300104,0
ACC01109,0.06373642,0
ACC01760,0.0784566,0
ACC01014,0.071805336,0
ACC00541,0.9999995,1
ACC01903,0.0771284,0
ACC01853,0.06536121,0
ACC00238,0.05503561,0
ACC00508,0.9873176,1
ACC00310,0.099847876,0
ACC01476,0.06104645,0
ACC00936,0.045654092,0
ACC01722,0.10908573,0
ACC00761,1.0,1
ACC01587,0.06589056,0
ACC01314,0.067833684,0
ACC00996,0.05702684,0
ACC01197,0.053568322,0
ACC01685,0.09169207,0
ACC01992,1.0,1
ACC00542,0.05170566,0
ACC01863,0.08488323,0
ACC00372,0.07492871,0
ACC01620,0.07285778,0
ACC00670,0.08076584,0
ACC00859,0.059019532,0
ACC01939,0.5799437,1
ACC01505,0.06290489,0
ACC00900,0.9999943,1
ACC01277,0.13995291,0
ACC00784,0.9995766,1
ACC01441,0.055522613,0
ACC00975,0.07759609,0
ACC00260,0.07092327,0
ACC00398,0.1109233,0
ACC01935,0.19041316,0
ACC00169,0.070127495,0
ACC00706,1.0,1
ACC01225,1.0,1
ACC01846,0.0660649,0
ACC01416,0.06687398,0
ACC01488,0.14191864,0
ACC00261,0.34116003,0
ACC01108,0.051999096,0
ACC00036,0.11289721,0
ACC00943,0.06938058,0
ACC01082,0.13311099,0
ACC01610,0.06511427,0
ACC01545,0.048556723,0
ACC01693,0.052258,0
ACC00092,0.059840456,0
ACC00971,0.99999976,1
ACC01293,0.063272074,0
ACC01175,0.057271183,0
ACC00364,0.1032416,0
ACC00622,0.059948243,0
ACC00489,0.07173926,0
ACC00683,0.06518842,0
ACC01004,1.0,1
ACC01334,0.05509526,0
ACC00133,0.21033268,0
ACC00659,0.053723957,0
ACC00805,0.06424095,0
ACC00217,0.06298081,0
ACC01494,0.06117419,0
ACC01618,0.059422214,0
ACC01287,0.058967058,0
ACC00595,0.061419472,0
ACC01730,0.9998889,1
ACC01663,0.07379222,0
ACC01092,0.061645154,0
ACC00081,0.057435635,0
ACC01842,0.056346077,0
ACC01066,0.055063464,0
ACC00290,0.05821862,0
ACC01728,0.99999976,1
ACC01647,0.10497035,0
ACC00921,0.09476465,0
ACC01238,0.064993106,0
ACC00396,0.087023295,0
ACC01478,0.08386982,0
ACC01354,0.059154738,0
ACC00329,0.5434917,1
ACC00471,0.06688965,0
ACC01909,0.11172482,0
ACC01250,0.10122893,0
ACC01899,0.06025119,0
ACC01539,0.11787417,0
ACC01419,0.08743558,0
ACC01125,0.058906846,0
ACC00163,0.99988484,1
ACC01257,0.060082093,0
ACC01972,0.056516193,0
ACC00514,0.07580838,0
ACC00187,0.056243584,0
ACC01675,0.05152803,0
ACC00986,0.06093207,0
ACC01173,0.07780474,0
ACC00039,0.056046057,0
ACC00549,0.9999999,1
ACC01302,0.115059555,0
ACC00580,0.056076184,0
ACC01868,1.0,1
ACC01542,0.079666875,0
ACC01167,0.059818894,0
ACC01203,0.99999535,1
ACC01821,0.077274814,0
ACC01858,0.09480736,0
ACC01589,0.08766455,0
ACC01088,1.0,1
ACC01102,0.05515941,0
ACC00155,0.99998975,1
ACC00338,0.058632255,0
ACC00325,0.05275182,0
ACC00620,0.06577694,0
ACC01033,0.9998227,1
ACC00126,0.062572174,0
ACC00113,0.060217526,0
ACC00366,0.062949456,0
ACC00086,0.06923441,0
ACC01495,0.08009804,0
ACC00792,0.08401973,0
ACC01371,0.06461336,0
ACC00299,0.05383854,0
ACC00516,0.061598133,0
ACC01407,0.10544935,0
ACC00385,0.06400907,0
ACC01380,0.11295205,0
ACC00394,0.06739932,0
ACC00439,0.055777196,0
ACC01902,0.064903975,0
ACC01098,0.073044464,0
ACC01468,0.13312587,0
ACC00031,0.16902888,0
ACC01687,0.07698506,0
ACC00768,0.049864076,0
ACC01850,0.09433679,0
ACC00536,0.052490838,0
ACC00047,0.06663443,0
ACC00102,0.9999076,1
ACC00461,0.99999726,1
ACC00969,1.0,1
ACC00689,0.066476226,0
ACC01472,0.99999976,1
ACC00606,0.07361099,0
ACC01396,1.0,1
ACC01044,1.0,1
ACC01654,0.055235602,0
ACC00121,1.0,1
ACC00362,0.065529175,0
ACC01045,0.05978274,0
ACC00419,0.08213741,0
ACC00282,0.04759965,0
ACC01283,0.05535986,0
ACC01075,0.05565221,0
ACC00983,0.06155999,0
ACC01440,0.08100102,0
ACC00202,0.06493856,0
ACC01829,0.060908843,0
ACC01827,0.9999083,1
ACC01042,0.091445304,0
ACC00509,0.093026504,0
ACC01069,0.070897765,0
ACC01581,1.0,1
ACC00545,0.07653913,0
ACC01282,1.0,1
ACC00795,0.99994457,1
ACC01349,0.057543293,0
ACC00628,0.056782354,0
ACC00287,0.06450237,0
ACC01143,0.063656,0
ACC01382,0.061719675,0
ACC00801,0.30433348,0
ACC00920,0.06955508,0
ACC01513,0.16676855,0
ACC01686,0.064113796,0
ACC00590,1.0,1
ACC01845,0.0643799,0
ACC01133,0.06650198,0
ACC01607,0.06984308,0
ACC01963,0.0936538,0
ACC00049,0.055584114,0
ACC01352,0.08008613,0
ACC01030,0.06308508,0
ACC00442,0.063623704,0
ACC00387,1.0,1
ACC01978,0.064633474,0
ACC01363,0.084648274,0
ACC01010,0.057648495,0
ACC00504,1.0,1
ACC01637,0.08316313,0
ACC01101,0.061785232,0
ACC00817,0.07823385,0
ACC01209,1.0,1
ACC00233,0.06995363,0
ACC01144,0.05219613,0
ACC01817,0.060033917,0
ACC01116,1.0,1
ACC00002,0.08254927,0
ACC00583,0.06521049,0
ACC00046,0.05184308,0
ACC00226,0.04666833,0
ACC01609,0.054107703,0
ACC01207,1.0,1
ACC00073,1.0,1
ACC01496,0.09036535,0
ACC00160,0.06828189,0
ACC01149,0.0879585,0
ACC01536,0.055843174,0
ACC00118,0.05314764,0
ACC00215,0.9999987,1
ACC00533,0.99995375,1
ACC00142,0.9998424,1
ACC01778,0.05676578,0
ACC01974,0.31122905,0
ACC01689,0.2743348,0
ACC01800,0.08380647,0
ACC00135,0.108328715,0
ACC01295,0.06857803,0
ACC01053,0.08357065,0
ACC01958,0.09484098,0
