account_id,risk_score,gnn_probability,amount_risk,velocity_risk,centrality_risk,community_density_risk,is_fraud,community_id
ACC01612,4.4,0.88,0.09,52.63,19.18,3.31,0,6
ACC00667,64.73,100.0,11.41,52.63,24.11,0.86,1,1
ACC01214,3.9,0.84,0.17,52.63,18.55,0.7,0,2
ACC01248,3.35,2.17,0.11,52.63,12.56,0.7,0,2
ACC00899,1.67,1.3,0.09,52.63,7.5,0.0,0,3
ACC01877,3.87,1.86,0.16,52.63,15.6,0.86,0,1
ACC00084,4.89,1.49,0.16,52.63,19.79,3.31,0,6
ACC01259,4.29,2.61,0.2,52.63,15.53,0.86,0,1
ACC00531,5.92,5.22,0.21,52.63,16.23,0.86,0,1
ACC01342,6.09,1.47,0.13,52.63,27.12,0.86,0,1
ACC00119,75.8,100.0,31.82,52.63,26.65,34.04,1,5
ACC00361,59.3,100.0,0.17,52.63,14.25,0.0,1,3
ACC00162,4.41,1.84,0.12,52.63,18.36,0.7,0,2
ACC00707,3.32,2.52,0.18,52.63,11.29,0.86,0,1
ACC01706,3.45,1.35,0.16,52.63,15.14,0.7,0,2
ACC00453,9.01,10.41,0.18,52.63,17.44,0.0,0,3
ACC01171,3.59,0.99,0.01,52.63,17.41,0.0,0,3
ACC01882,3.52,0.91,0.11,52.63,17.16,0.0,0,3
ACC00068,71.78,100.0,28.37,52.63,12.43,34.04,1,5
ACC01786,71.82,100.0,27.87,52.63,13.27,34.04,1,5
ACC01461,8.69,10.83,0.18,52.63,14.36,0.7,0,2
ACC01709,4.25,1.98,0.14,52.63,17.22,0.7,0,2
ACC01975,3.41,3.13,0.17,52.63,10.65,0.0,0,3
ACC01508,78.98,100.0,66.76,52.63,17.66,0.0,1,3
ACC00979,9.12,10.44,0.18,52.63,17.43,0.7,0,2
ACC00934,9.61,2.38,0.11,52.63,19.12,34.04,0,5
ACC01162,4.36,1.56,0.13,52.63,17.13,3.31,0,6
ACC00978,2.79,1.16,0.16,52.63,12.51,0.7,0,2
ACC00850,4.71,0.71,0.14,52.63,22.79,0.7,0,2
ACC00875,5.25,2.35,0.19,52.63,20.86,0.7,0,2
ACC00973,2.18,1.97,0.19,52.63,7.97,0.0,0,3
ACC00278,3.87,1.62,0.13,52.63,16.86,0.0,0,3
ACC01931,4.81,1.61,0.17,52.63,20.7,0.86,0,1
ACC01595,2.82,1.25,0.17,52.63,12.44,0.7,0,2
ACC01444,60.34,100.0,6.15,52.63,10.68,0.7,1,2
ACC01311,5.44,4.58,0.19,52.63,15.69,0.86,0,1
ACC01852,9.57,12.2,0.14,52.63,14.8,0.86,0,1
ACC01379,4.78,1.2,0.14,52.63,21.69,0.86,0,1
ACC01002,5.09,1.23,0.17,52.63,23.12,0.7,0,2
ACC00085,5.37,2.87,0.11,52.63,20.14,0.7,0,2
ACC00830,3.99,1.36,0.13,52.63,17.66,0.7,0,2
ACC01997,59.58,99.94,0.18,52.63,15.23,0.7,1,2
ACC00868,3.55,3.43,0.16,52.63,9.95,0.86,0,1
ACC00406,18.52,2.15,0.18,52.63,17.37,100.0,0,8
ACC01316,59.92,100.0,0.18,52.63,16.66,0.7,1,2
ACC00258,8.35,6.66,0.17,52.63,23.91,0.7,0,2
ACC00647,3.96,1.64,0.19,52.63,16.61,0.86,0,1
ACC01983,15.22,6.02,0.18,97.17,13.75,0.0,0,3
ACC01891,5.98,1.27,0.14,52.63,27.24,0.7,0,2
ACC00473,6.56,2.05,0.23,52.63,5.48,34.04,0,5
ACC01055,22.16,6.73,0.15,52.63,25.58,95.02,0,7
ACC00332,16.93,5.81,0.17,97.74,21.16,0.86,0,1
ACC00972,4.37,0.65,0.1,52.63,21.41,0.7,0,2
ACC00054,3.39,1.25,0.14,52.63,15.58,0.0,0,3
ACC01584,2.3,2.37,0.2,52.63,6.86,0.86,0,1
ACC00848,5.15,3.98,0.18,52.63,16.51,0.0,0,3
ACC00806,63.29,99.97,3.05,52.63,26.97,3.31,1,6
ACC00849,9.63,1.75,0.15,52.63,43.52,0.0,0,3
ACC00228,5.67,5.0,0.2,52.63,15.75,0.7,1,2
ACC01385,73.18,100.0,41.71,52.63,23.45,0.7,1,2
ACC00356,3.56,1.68,0.18,52.63,15.18,0.0,0,3
ACC01336,6.38,2.81,0.1,52.63,24.92,0.86,0,1
ACC01019,7.62,6.59,0.16,52.63,20.59,0.86,0,1
ACC01994,4.49,3.88,0.19,52.63,13.09,0.86,0,1
ACC00673,17.16,2.18,0.19,52.63,10.93,100.0,0,8
ACC00022,15.06,11.31,0.08,52.63,20.87,34.04,0,5
ACC00223,10.4,3.19,0.12,52.63,20.62,34.04,0,5
ACC01128,4.17,2.25,0.17,52.63,16.1,0.7,0,2
ACC00016,4.44,3.05,0.15,52.63,15.21,0.7,0,2
ACC01570,16.59,1.72,0.2,52.63,23.54,78.85,0,0
ACC00893,9.37,1.81,0.14,52.63,41.52,0.86,0,1
ACC01306,4.7,2.36,0.13,52.63,18.8,0.0,0,3
ACC00146,61.45,100.0,9.55,52.63,11.22,0.86,1,1
ACC01769,6.38,5.93,0.17,52.63,16.48,0.86,0,1
ACC00132,3.36,2.26,0.15,52.63,12.17,0.86,0,1
ACC00674,4.55,1.35,0.15,52.63,20.17,0.86,0,1
ACC00910,3.53,1.02,0.16,52.63,16.83,0.0,0,3
ACC01454,72.24,100.0,20.86,52.63,24.57,34.04,1,5
ACC01866,57.63,93.59,0.16,52.63,23.53,0.0,1,3
ACC00809,3.63,2.79,0.14,52.63,12.62,0.0,0,3
ACC00993,4.98,6.58,0.16,52.63,8.25,0.86,0,1
ACC01660,4.81,3.1,0.13,52.63,16.76,0.86,0,1
ACC00336,4.76,3.43,0.13,52.63,15.65,0.86,0,1
ACC00105,4.35,1.71,0.18,52.63,18.23,0.86,0,1
ACC01215,3.98,1.89,0.2,52.63,15.99,0.86,0,1
ACC01652,4.94,3.85,0.07,52.63,15.55,0.7,0,2
ACC01296,5.79,1.35,0.13,52.63,24.37,3.31,0,6
ACC01370,2.71,1.15,0.12,52.63,10.52,3.31,0,6
ACC01216,60.08,99.99,0.12,52.63,17.52,0.7,1,2
ACC01653,5.78,3.95,0.16,52.63,19.13,0.7,0,2
ACC01483,2.67,2.71,0.09,52.63,7.94,0.7,0,2
ACC00853,2.69,2.4,0.17,52.63,8.75,0.7,0,2
ACC00323,4.09,0.81,0.12,52.63,19.51,0.86,0,1
ACC00230,3.45,1.33,0.14,52.63,15.1,0.86,0,1
ACC00056,5.4,3.5,0.1,52.63,18.47,0.86,0,1
ACC01621,3.46,1.61,0.08,52.63,14.59,0.7,0,2
ACC01324,3.09,1.44,0.15,52.63,13.22,0.7,0,2
ACC00633,5.01,2.39,0.1,52.63,20.2,0.0,0,3
ACC01060,3.52,2.77,0.2,52.63,11.62,0.7,0,2
ACC00494,4.92,4.55,0.2,52.63,13.44,0.7,0,2
ACC01758,7.09,5.8,0.1,52.63,20.38,0.7,0,2
ACC00654,5.64,3.75,0.15,52.63,19.01,0.7,0,2
ACC00311,3.58,0.99,0.1,52.63,16.66,0.86,0,1
ACC01487,7.1,1.32,0.16,52.63,32.2,0.86,1,1
ACC00946,3.33,1.06,0.17,52.63,13.58,3.31,0,6
ACC01186,2.45,0.37,0.17,52.63,13.5,0.0,0,3
ACC01388,5.93,5.07,0.16,52.63,15.08,3.31,0,6
ACC01916,6.01,1.46,0.15,52.63,25.08,3.31,0,6
ACC01672,2.74,2.32,0.19,52.63,7.45,3.31,0,6
ACC01356,8.09,8.02,0.14,52.63,19.57,0.0,0,3
ACC01434,14.33,3.4,0.08,52.63,8.64,78.85,0,0
ACC00250,5.7,2.35,0.12,52.63,23.52,0.0,0,3
ACC01177,4.94,1.2,0.18,52.63,22.45,0.7,0,2
ACC00353,4.28,1.12,0.13,52.63,17.95,3.31,0,6
ACC00304,9.36,1.39,0.15,52.63,20.5,34.04,0,5
ACC00793,63.91,98.88,19.45,52.63,12.56,0.86,1,1
ACC00219,71.15,100.0,39.76,52.63,16.39,0.86,1,1
ACC00224,5.18,1.59,0.18,52.63,22.56,0.7,0,2
ACC01661,4.94,1.23,0.12,52.63,22.49,0.7,0,2
ACC01688,71.75,99.99,23.34,52.63,19.0,34.04,1,5
ACC00639,4.68,3.93,0.11,52.63,14.54,0.0,0,3
ACC01696,59.17,100.0,0.13,52.63,13.1,0.86,1,1
ACC00923,8.63,3.02,0.16,52.63,12.71,34.04,0,5
ACC01878,5.34,2.54,0.18,52.63,20.68,0.86,0,1
ACC00305,6.58,4.4,0.22,52.63,21.46,0.86,0,1
ACC00213,9.29,11.06,0.18,52.63,16.49,0.86,0,1
ACC01854,4.31,3.16,0.17,52.63,14.31,0.7,0,2
ACC01928,3.1,1.19,0.14,52.63,14.39,0.0,0,3
ACC00925,3.2,1.86,0.18,52.63,13.04,0.0,0,3
ACC00333,82.53,100.0,34.21,52.63,24.45,79.88,1,4
ACC01966,2.47,0.58,0.18,52.63,12.45,0.86,0,1
ACC01937,74.23,100.0,4.55,52.63,11.67,100.0,1,8
ACC00010,6.97,2.32,0.11,52.63,29.1,0.7,0,2
ACC01774,5.2,4.43,0.12,52.63,15.15,0.7,0,2
ACC00907,3.85,1.59,0.15,52.63,16.37,0.7,0,2
ACC01534,4.52,2.17,0.1,52.63,18.03,0.7,0,2
ACC01884,4.57,2.02,0.13,52.63,18.62,0.7,0,2
ACC00029,3.6,2.22,0.16,52.63,13.51,0.7,0,2
ACC00905,6.15,2.0,0.19,52.63,25.9,0.86,0,1
ACC00872,7.12,5.94,0.18,52.63,20.02,0.7,0,2
ACC00997,5.17,2.33,0.1,52.63,21.14,0.0,0,3
ACC01724,4.78,3.35,0.18,52.63,16.45,0.0,0,3
ACC00275,3.84,2.6,0.21,52.63,14.0,0.0,0,3
ACC00060,2.68,2.63,0.13,52.63,8.58,0.0,0,3
ACC00591,5.61,3.05,0.08,52.63,20.68,0.86,0,1
ACC00450,2.37,2.16,0.21,52.63,6.09,3.31,1,6
ACC00045,3.35,0.86,0.17,52.63,15.86,0.86,0,1
ACC01152,3.74,2.13,0.21,52.63,14.21,0.86,0,1
ACC00196,74.11,100.0,6.09,52.63,22.48,79.88,1,4
ACC00093,6.12,1.37,0.14,52.63,28.06,0.0,0,3
ACC01764,3.27,1.44,0.17,52.63,12.3,3.31,0,6
ACC00959,14.06,2.49,0.14,96.49,18.43,0.0,0,3
ACC00018,3.72,2.24,0.19,52.63,12.21,3.31,0,6
ACC01322,4.11,2.18,0.17,52.63,14.26,3.31,0,6
ACC00559,4.28,2.12,0.15,52.63,15.25,3.31,0,6
ACC00033,4.84,4.63,0.15,52.63,12.8,0.86,0,1
ACC01289,4.83,2.68,0.18,52.63,17.92,0.86,0,1
ACC01990,65.91,100.0,15.76,52.63,24.39,0.0,1,3
ACC00715,3.98,1.34,0.18,52.63,15.86,3.31,0,6
ACC00319,3.5,1.62,0.11,52.63,14.73,0.7,0,2
ACC01920,3.48,1.41,0.16,52.63,15.57,0.0,0,3
ACC00426,4.14,2.52,0.2,52.63,15.2,0.7,0,2
ACC00671,4.56,1.38,0.1,52.63,20.78,0.0,0,3
ACC00145,7.17,1.84,0.12,52.63,31.78,0.0,0,3
ACC01480,4.71,1.85,0.19,52.63,17.89,3.31,0,6
ACC01777,28.83,19.05,0.17,52.63,20.64,100.0,0,8
ACC00291,19.27,26.85,0.11,52.63,21.34,0.7,1,2
ACC01801,4.93,2.74,0.15,52.63,18.33,0.7,0,2
ACC00437,8.79,10.1,0.2,52.63,16.79,0.7,0,2
ACC01395,3.95,2.5,0.17,52.63,14.84,0.0,0,3
ACC00953,5.71,2.04,0.14,52.63,23.82,0.86,0,1
ACC00796,3.26,1.05,0.13,52.63,14.96,0.86,0,1
ACC00110,3.68,1.26,0.2,52.63,16.39,0.7,0,2
ACC00510,16.21,1.22,0.15,52.63,23.17,78.85,0,0
ACC01168,5.36,1.25,0.13,52.63,24.84,0.0,0,3
ACC00025,11.5,8.37,0.18,52.63,34.54,0.0,0,3
ACC01548,6.24,4.67,0.17,52.63,19.81,0.0,0,3
ACC00782,76.68,99.99,15.94,52.63,22.12,78.85,1,0
ACC00247,9.44,1.76,0.13,52.63,19.9,34.04,0,5
ACC01254,4.87,2.77,0.12,52.63,17.92,0.86,0,1
ACC01134,5.8,2.77,0.14,52.63,22.85,0.0,0,3
ACC00618,3.86,1.33,0.09,52.63,15.47,3.31,0,6
ACC01517,6.13,1.37,0.13,52.63,27.55,0.86,0,1
ACC01679,13.34,1.21,0.17,97.17,17.21,0.86,0,1
ACC00815,77.6,100.0,13.48,52.63,29.67,78.85,1,0
ACC01848,85.19,100.0,47.93,52.63,19.29,78.85,1,0
ACC00122,4.19,1.3,0.19,52.63,19.15,0.0,0,3
ACC01574,6.94,5.56,0.17,52.63,20.7,0.0,0,3
ACC01856,3.41,0.3,0.1,52.63,17.82,0.7,0,2
ACC00455,5.52,3.81,0.13,52.63,18.77,0.0,0,3
ACC00530,2.98,1.32,0.17,52.63,12.89,0.86,0,1
ACC00836,4.03,1.3,0.15,52.63,18.44,0.0,0,3
ACC01791,4.83,1.94,0.19,52.63,19.85,0.86,0,1
ACC00004,60.49,100.0,2.58,52.63,14.37,3.31,1,6
ACC00128,5.94,3.23,0.19,52.63,20.0,3.31,0,6
ACC00267,5.02,4.54,0.16,52.63,13.98,0.7,0,2
ACC01150,7.41,10.41,0.17,52.63,9.4,0.86,0,1
ACC01166,1.34,1.27,0.08,52.63,5.48,0.86,0,1
ACC00678,4.86,2.31,0.16,52.63,19.15,0.7,0,2
ACC00794,4.2,2.84,0.16,52.63,14.58,0.86,0,1
ACC00500,3.51,1.03,0.12,52.63,16.17,0.86,0,1
ACC01608,2.91,1.83,0.1,52.63,11.29,0.86,0,1
ACC01222,3.92,1.97,0.18,52.63,16.13,0.0,0,3
ACC01956,16.07,1.5,0.16,52.63,21.75,78.85,0,0
ACC01074,5.61,3.51,0.1,52.63,20.05,0.0,0,3
ACC00718,16.07,3.22,0.13,52.63,16.54,79.88,0,4
ACC00315,16.11,2.47,0.09,52.63,19.46,78.85,0,0
ACC00392,4.7,1.0,0.13,52.63,21.86,0.86,0,1
ACC00320,3.84,1.14,0.16,52.63,17.41,0.86,0,1
ACC00057,5.28,4.0,0.17,52.63,16.63,0.7,0,2
ACC01550,15.7,22.86,0.13,52.63,15.19,0.7,1,2
ACC00072,2.9,1.43,0.09,52.63,12.89,0.0,0,3
ACC00882,68.02,100.0,27.84,52.63,18.19,0.0,1,3
ACC01071,7.08,5.17,0.17,52.63,22.4,0.0,0,3
ACC01844,3.5,1.85,0.14,52.63,14.04,0.7,0,2
ACC00478,3.86,1.2,0.11,52.63,17.38,0.86,0,1
ACC00898,5.34,1.27,0.23,52.63,22.39,3.31,0,6
ACC01373,11.13,1.31,0.17,94.74,8.99,0.86,0,1
ACC00523,5.03,2.06,0.15,52.63,20.62,0.7,0,2
ACC00532,4.91,1.47,0.17,52.63,19.9,3.31,0,6
ACC00641,3.73,1.76,0.15,52.63,15.37,0.7,0,2
ACC00672,3.98,0.83,0.13,52.63,19.04,0.7,0,2
ACC01705,2.88,1.41,0.17,52.63,12.76,0.0,0,3
ACC01710,3.68,1.69,0.14,52.63,15.34,0.7,0,2
ACC00764,3.69,2.14,0.19,52.63,13.98,0.86,0,1
ACC01285,4.05,2.15,0.1,52.63,15.78,0.86,0,1
ACC00342,2.54,1.07,0.11,52.63,12.11,0.0,0,3
ACC01040,78.34,99.98,5.98,52.63,29.11,100.0,1,8
ACC01076,5.88,3.71,0.15,52.63,20.71,0.0,0,3
ACC00165,3.76,2.85,0.1,52.63,13.14,0.0,0,3
ACC01270,8.15,0.82,0.16,52.63,16.33,34.04,0,5
ACC00601,15.51,1.78,0.16,52.63,17.74,79.88,0,4
ACC01895,63.47,100.0,13.62,52.63,15.36,0.7,1,2
ACC00171,8.47,11.07,0.17,52.63,13.17,0.0,0,3
ACC01566,6.89,6.35,0.17,52.63,17.8,0.86,0,1
ACC01361,4.17,1.39,0.16,52.63,18.41,0.7,0,2
ACC01900,1.92,1.36,0.07,52.63,8.5,0.0,0,3
ACC00401,4.2,4.34,0.17,52.63,11.1,0.0,0,3
ACC00999,60.32,98.19,0.16,52.63,21.65,3.31,1,6
ACC00193,79.97,100.0,23.01,52.63,13.98,100.0,1,8
ACC01043,90.05,100.0,57.38,52.63,15.39,100.0,1,8
ACC01078,4.54,2.51,0.08,52.63,15.49,3.31,0,6
ACC00032,4.02,1.33,0.17,52.63,16.1,3.31,0,6
ACC01064,2.47,1.51,0.18,52.63,10.0,0.86,0,1
ACC00694,66.46,100.0,25.41,52.63,14.13,0.0,1,3
ACC01230,65.16,100.0,5.48,52.63,11.89,34.04,1,5
ACC01037,10.76,5.44,0.21,52.63,16.15,34.04,0,5
ACC00616,3.65,1.71,0.16,52.63,15.09,0.7,0,2
ACC00011,2.13,0.92,0.13,52.63,10.59,0.0,0,3
ACC00040,73.86,100.0,6.32,52.63,21.03,79.88,1,4
ACC00107,59.41,98.53,0.1,52.63,18.27,0.7,1,2
ACC01503,5.55,5.27,0.16,52.63,15.0,0.0,0,3
ACC01402,61.49,99.9,0.11,52.63,24.82,0.0,1,3
ACC00942,4.95,2.24,0.16,52.63,18.03,3.31,0,6
ACC01985,8.33,11.32,0.16,52.63,11.4,0.7,0,2
ACC01849,4.93,3.92,0.14,52.63,15.23,0.7,0,2
ACC01598,17.25,1.3,0.15,52.63,17.05,95.02,0,7
ACC00465,69.27,100.0,33.4,52.63,16.64,0.0,1,3
ACC00867,7.74,5.83,0.14,52.63,23.74,0.0,0,3
ACC00109,4.31,1.31,0.09,52.63,17.61,3.31,0,6
ACC00729,15.66,1.11,0.22,52.63,20.12,79.88,0,4
ACC00380,9.59,1.14,1.11,52.63,20.93,34.04,0,5
ACC01299,5.43,0.85,0.11,52.63,26.26,0.0,0,3
ACC00451,61.54,100.0,4.96,52.63,18.32,0.0,1,3
ACC01317,10.79,4.25,0.14,52.63,19.59,34.04,0,5
ACC01530,3.2,1.42,0.14,52.63,13.69,0.86,0,1
ACC01389,4.34,1.99,0.2,52.63,17.44,0.86,0,1
ACC00947,76.0,100.0,5.89,52.63,31.6,79.88,1,4
ACC00270,16.26,3.5,0.09,52.63,16.73,79.88,0,4
ACC01840,3.92,1.99,0.13,52.63,15.66,0.7,0,2
ACC01527,5.61,1.44,0.67,52.63,24.32,0.7,0,2
ACC01023,3.03,0.94,0.14,52.63,14.72,0.0,0,3
ACC00274,17.5,8.29,0.15,52.63,10.39,78.85,0,0
ACC01668,5.8,0.85,0.16,52.63,25.72,3.31,0,6
ACC00753,18.91,26.85,0.13,52.63,20.06,0.0,0,3
ACC00271,5.47,3.81,0.16,52.63,18.47,0.0,0,3
ACC00062,84.84,100.0,34.26,52.63,21.79,100.0,1,8
ACC01181,4.61,1.84,0.18,52.63,19.25,0.7,0,2
ACC01113,8.69,1.57,0.1,52.63,16.93,34.04,0,5
ACC01639,4.5,2.39,0.16,52.63,17.25,0.7,0,2
ACC00810,3.18,1.99,0.16,52.63,10.44,3.31,0,6
ACC01049,5.03,2.64,0.14,52.63,18.98,0.86,0,1
ACC00774,9.18,11.45,0.15,52.63,14.94,0.86,0,1
ACC01323,2.98,1.16,0.13,52.63,13.46,0.7,0,2
ACC00112,3.22,1.21,0.18,52.63,14.25,0.86,0,1
ACC00731,2.53,1.3,0.11,52.63,11.04,0.7,0,2
ACC00245,32.47,46.84,0.94,52.63,28.79,0.7,1,2
ACC01131,80.5,100.0,52.16,52.63,21.54,34.04,1,5
ACC01528,4.68,1.85,0.16,52.63,17.78,3.31,0,6
ACC00028,5.09,1.35,0.12,52.63,21.1,3.31,0,6
ACC00877,15.06,2.44,0.15,52.63,14.53,78.85,0,0
ACC01011,3.7,3.8,0.15,52.63,10.24,0.0,0,3
ACC00684,2.66,2.17,0.2,52.63,9.62,0.0,0,3
ACC01347,71.45,100.0,20.18,52.63,21.82,34.04,1,5
ACC01770,65.09,99.93,9.27,52.63,27.21,3.31,1,6
ACC01546,3.98,2.64,0.2,52.63,12.36,3.31,0,6
ACC01861,5.45,4.97,0.17,52.63,15.28,0.0,0,3
ACC01032,3.05,1.06,0.12,52.63,14.09,0.7,0,2
ACC01473,3.21,1.59,0.18,52.63,11.59,3.31,0,6
ACC01404,4.64,2.02,0.14,52.63,18.95,0.7,0,2
ACC01284,6.88,4.42,0.17,52.63,21.25,3.31,0,6
ACC01318,5.14,5.22,0.19,52.63,12.59,0.86,0,1
ACC01511,4.83,2.75,0.16,52.63,17.76,0.86,0,1
ACC00744,3.97,1.81,0.16,52.63,16.77,0.0,0,3
ACC00563,64.02,99.92,18.57,52.63,12.04,0.0,1,3
ACC01100,4.02,1.46,0.05,52.63,15.93,3.31,0,6
ACC01773,89.16,100.0,66.56,52.63,12.37,79.88,1,4
ACC01327,4.88,3.74,0.17,52.63,15.45,0.7,0,2
ACC00511,3.8,3.18,0.05,52.63,11.93,0.86,0,1
ACC01038,14.81,3.21,0.16,52.63,11.3,78.85,0,0
ACC01096,15.39,0.43,0.09,52.63,21.5,78.85,0,0
ACC01986,4.42,1.87,0.03,52.63,18.45,0.7,0,2
ACC00255,3.44,1.22,0.17,52.63,15.31,0.86,0,1
ACC00962,17.99,2.32,0.17,52.63,27.84,79.88,0,4
ACC01699,3.13,1.68,0.21,52.63,12.55,0.86,0,1
ACC00666,4.54,3.38,0.13,52.63,15.34,0.0,0,3
ACC01802,3.49,0.46,1.01,52.63,14.8,3.31,0,6
ACC01153,4.62,3.41,0.16,52.63,14.99,0.86,0,1
ACC00103,6.81,1.43,0.19,52.63,30.59,0.7,0,2
ACC00558,13.54,1.9,0.1,95.69,17.96,0.7,0,2
ACC00926,8.19,8.4,0.16,52.63,18.99,0.0,0,3
ACC00704,4.89,2.96,0.16,52.63,17.49,0.86,0,1
ACC01330,7.58,9.39,0.18,52.63,12.93,0.86,1,1
ACC00125,4.38,2.01,0.15,52.63,17.66,0.86,0,1
ACC01332,60.88,100.0,0.23,52.63,21.56,0.0,1,3
ACC00496,9.95,8.73,0.15,52.63,26.39,0.0,0,3
ACC00750,3.33,1.23,0.14,52.63,14.78,0.86,0,1
ACC01761,3.98,1.58,0.16,52.63,15.24,3.31,0,6
ACC00546,6.66,1.59,0.16,52.63,27.8,3.31,0,6
ACC01871,3.58,2.77,0.06,52.63,11.96,0.86,0,1
ACC01427,6.43,0.58,0.11,52.63,29.46,3.31,0,6
ACC00058,3.93,1.8,0.12,52.63,14.5,3.31,0,6
ACC00158,7.67,5.2,0.18,52.63,24.63,0.7,0,2
ACC01726,4.61,1.84,0.15,52.63,19.25,0.7,0,2
ACC01303,6.36,3.95,0.16,52.63,21.73,0.86,0,1
ACC01723,8.87,2.58,0.16,52.63,15.04,34.04,0,5
ACC01924,2.88,2.02,0.17,52.63,10.55,0.86,0,1
ACC01164,72.43,100.0,30.73,52.63,12.31,34.04,1,5
ACC00873,57.85,100.0,0.15,52.63,7.47,0.0,1,3
ACC00082,4.4,2.77,0.15,52.63,14.05,3.31,0,6
ACC01579,3.06,1.67,0.15,52.63,10.7,3.31,0,6
ACC00391,3.34,1.75,0.16,52.63,14.0,0.0,0,3
ACC01157,5.08,1.85,0.17,52.63,21.3,0.86,0,1
ACC01506,2.94,0.99,0.08,52.63,14.26,0.0,0,3
ACC00911,3.05,2.04,0.19,52.63,11.84,0.0,0,3
ACC00627,68.44,100.0,31.19,52.63,15.15,0.86,1,1
ACC01117,72.82,100.0,8.42,52.63,13.32,79.88,1,4
ACC01968,72.62,100.0,0.21,52.63,13.25,95.02,1,7
ACC00839,3.63,1.96,0.17,52.63,14.31,0.7,0,2
ACC01631,11.86,1.15,0.13,94.74,13.0,0.7,0,2
ACC00802,3.79,3.56,0.09,52.63,10.94,0.7,0,2
ACC01950,3.71,1.2,0.11,52.63,17.27,0.0,0,3
ACC01941,3.9,2.71,0.13,52.63,13.53,0.86,0,1
ACC00585,3.54,2.06,0.15,52.63,13.53,0.86,0,1
ACC01649,61.49,99.9,0.17,52.63,24.29,0.7,1,2
ACC00967,4.44,2.62,0.17,52.63,16.83,0.0,0,3
ACC01593,3.24,1.56,0.18,52.63,13.42,0.86,0,1
ACC00127,2.82,2.3,0.17,52.63,9.5,0.86,0,1
ACC01860,7.64,6.8,0.18,52.63,20.16,0.7,0,2
ACC00232,4.21,2.2,0.14,52.63,16.34,0.86,0,1
ACC00640,5.6,2.89,0.15,52.63,20.99,0.86,0,1
ACC01047,4.71,1.17,0.13,52.63,19.78,3.31,0,6
ACC01651,63.94,100.0,5.5,52.63,26.69,3.31,1,6
ACC01148,3.31,3.05,0.13,52.63,9.87,0.86,0,1
ACC01605,60.93,99.94,0.21,52.63,21.39,0.86,1,1
ACC01836,6.45,3.84,0.17,52.63,20.81,3.31,0,6
ACC00970,4.25,2.23,0.14,52.63,16.56,0.7,0,2
ACC01599,75.17,100.0,15.05,52.63,15.53,79.88,1,4
ACC01889,6.51,4.07,0.14,52.63,22.16,0.86,0,1
ACC01462,5.05,3.89,0.17,52.63,15.73,0.86,0,1
ACC00878,62.12,100.0,5.51,52.63,19.74,0.86,1,1
ACC01794,4.64,3.3,0.15,52.63,15.98,0.0,0,3
ACC00321,5.39,2.24,0.09,52.63,20.21,3.31,0,6
ACC01578,4.38,2.37,0.2,52.63,14.97,3.31,0,6
ACC00429,4.6,3.48,0.12,52.63,15.34,0.0,0,3
ACC01268,13.51,1.74,0.17,97.74,16.0,0.86,0,1
ACC00080,8.24,1.98,0.16,52.63,13.63,34.04,0,5
ACC00501,76.07,100.0,51.98,52.63,23.26,0.7,1,2
ACC01245,5.81,3.41,0.18,52.63,20.65,0.7,0,2
ACC01629,16.38,1.86,0.11,52.63,11.54,95.02,0,7
ACC00431,73.08,99.7,5.9,95.69,26.72,3.31,1,6
ACC01436,14.79,2.71,0.16,94.74,22.5,0.7,0,2
ACC00913,4.11,1.79,0.2,52.63,15.25,3.31,0,6
ACC00194,82.17,100.0,39.68,52.63,15.45,79.88,1,4
ACC01236,59.21,100.0,1.05,52.63,12.65,0.0,1,3
ACC01691,60.61,100.0,0.2,52.63,19.88,0.7,1,2
ACC00821,15.7,3.56,0.09,52.63,14.61,78.85,0,0
ACC00955,2.45,1.81,0.15,52.63,9.2,0.7,0,2
ACC00216,65.28,100.0,9.24,52.63,7.47,34.04,1,5
ACC01463,13.73,1.52,0.08,52.63,10.18,79.88,0,4
ACC00825,4.0,4.56,0.19,52.63,9.58,0.0,0,3
ACC01650,18.63,3.67,0.17,52.63,13.84,100.0,0,8
ACC00174,5.37,2.33,0.14,52.63,21.45,0.86,0,1
ACC00951,3.18,1.06,0.16,52.63,14.51,0.86,0,1
ACC01969,4.93,1.99,0.17,52.63,20.83,0.0,0,3
ACC00017,4.64,1.65,0.12,52.63,19.83,0.86,0,1
ACC01788,6.05,4.64,0.14,52.63,18.53,0.7,0,2
ACC00464,7.64,0.96,0.11,52.63,35.88,0.7,0,2
ACC00857,12.74,0.91,0.17,97.17,15.28,0.7,0,2
ACC00885,7.46,5.34,0.15,52.63,21.54,3.31,0,6
ACC00077,4.73,3.52,0.07,52.63,15.92,0.0,0,3
ACC01180,17.91,0.9,0.16,52.63,17.91,100.0,0,8
ACC01110,15.31,1.2,0.12,52.63,19.03,78.85,0,0
ACC00328,3.4,1.09,0.18,52.63,15.42,0.86,0,1
ACC01118,17.16,2.29,0.18,52.63,13.97,95.02,0,7
ACC00339,66.14,100.0,5.7,52.63,16.22,34.04,1,5
ACC00434,3.12,3.05,0.21,52.63,9.43,0.0,0,3
ACC01742,10.36,7.53,0.12,52.63,31.0,0.86,0,1
ACC00007,5.42,4.33,0.19,52.63,16.23,0.86,0,1
ACC00860,5.95,2.89,0.17,52.63,20.97,3.31,0,6
ACC00249,14.6,1.74,0.06,96.49,22.5,0.86,0,1
ACC01564,4.16,0.91,0.1,52.63,19.61,0.86,0,1
ACC01410,6.05,5.21,0.19,52.63,17.42,0.0,0,3
ACC01099,1.66,1.24,0.02,52.63,7.67,0.0,0,3
ACC01910,3.78,0.48,0.07,52.63,19.02,0.86,0,1
ACC00987,66.43,100.0,0.14,52.63,24.98,34.04,1,5
ACC00752,80.41,100.0,38.3,52.63,9.05,79.88,1,4
ACC00139,21.06,7.48,0.13,52.63,15.13,100.0,0,8
ACC01353,4.63,0.87,0.13,52.63,20.25,3.31,0,6
ACC00111,6.28,3.9,0.09,52.63,19.93,3.31,0,6
ACC00660,6.32,1.78,0.14,52.63,27.92,0.0,0,3
ACC01616,4.03,1.86,0.18,52.63,16.45,0.7,0,2
ACC01217,3.11,0.71,0.19,52.63,15.09,0.86,0,1
ACC00842,5.27,2.97,0.16,52.63,19.22,0.86,0,1
ACC01601,3.23,0.91,0.12,52.63,15.22,0.86,0,1
ACC00309,4.97,0.87,0.13,52.63,23.46,0.86,0,1
ACC01252,2.54,2.09,0.11,52.63,8.83,0.86,0,1
ACC01184,78.12,100.0,47.19,52.63,17.04,34.04,1,5
ACC00071,3.29,0.89,0.1,52.63,16.15,0.0,0,3
ACC00168,8.96,9.72,0.11,52.63,19.16,0.0,0,3
ACC01981,3.49,1.34,0.12,52.63,15.88,0.0,0,3
ACC00108,4.25,1.29,0.17,52.63,17.26,3.31,0,6
ACC01309,9.56,1.61,0.14,52.63,42.99,0.86,0,1
ACC00383,5.03,3.22,0.17,52.63,17.39,0.86,0,1
ACC00395,7.7,5.0,0.17,52.63,25.19,0.86,0,1
ACC00778,6.51,6.46,0.2,52.63,15.8,0.7,0,2
ACC00136,5.38,1.72,0.2,52.63,23.15,0.7,0,2
ACC01338,3.06,2.0,0.17,52.63,9.8,3.31,0,6
ACC00095,3.38,3.13,0.13,52.63,10.56,0.0,0,3
ACC00621,6.05,3.86,0.1,52.63,21.15,0.0,0,3
ACC01412,5.48,4.38,0.18,52.63,16.4,0.86,0,1
ACC01857,5.54,1.54,0.18,52.63,22.65,3.31,0,6
ACC00241,4.18,3.2,0.0,52.63,13.73,0.86,0,1
ACC00210,8.02,1.22,0.06,52.63,14.77,34.04,0,5
ACC00351,82.89,100.0,38.55,52.63,21.03,78.85,1,0
ACC00544,11.64,13.75,0.17,52.63,20.87,0.0,0,3
ACC00157,4.7,5.66,0.13,52.63,9.98,0.0,0,3
ACC01697,2.89,0.73,0.1,52.63,14.24,0.7,0,2
ACC00901,3.58,1.53,0.13,52.63,15.16,0.86,0,1
ACC00198,4.06,1.87,0.22,52.63,14.78,3.31,0,6
ACC00200,5.91,3.58,0.19,52.63,21.14,0.0,1,3
ACC00912,3.63,1.79,0.04,52.63,15.43,0.0,0,3
ACC00418,5.42,3.22,0.07,52.63,19.39,0.86,0,1
ACC00008,22.08,8.22,0.16,52.63,21.21,95.02,0,7
ACC01820,16.07,3.51,0.19,52.63,15.66,79.88,0,4
ACC00294,6.82,6.52,0.15,52.63,15.42,3.31,0,6
ACC00170,78.79,100.0,33.85,52.63,8.11,78.85,1,0
ACC00463,59.2,100.0,0.14,52.63,11.6,3.31,1,6
ACC00856,4.23,2.4,0.12,52.63,16.51,0.0,0,3
ACC01341,7.03,7.79,0.15,52.63,15.22,0.0,0,3
ACC01242,28.16,2.42,0.15,97.17,20.68,95.02,0,7
ACC01156,3.01,1.18,0.16,52.63,13.4,0.86,0,1
ACC01894,4.22,4.26,0.15,52.63,11.45,0.0,0,3
ACC00130,59.27,99.97,0.19,52.63,13.67,0.7,1,2
ACC00436,6.09,3.87,0.16,52.63,20.74,0.7,0,2
ACC01084,5.6,1.62,0.11,52.63,25.02,0.0,0,3
ACC01428,96.25,100.0,92.81,52.63,11.27,78.85,1,0
ACC01715,39.59,66.58,0.18,52.63,10.52,0.7,1,2
ACC01486,18.74,1.93,0.19,52.63,22.32,95.02,0,7
ACC01562,7.56,4.44,0.1,52.63,24.5,3.31,0,6
ACC01386,17.76,4.89,0.17,98.25,27.02,0.86,1,1
ACC01228,16.47,5.03,0.18,94.74,22.45,3.31,0,6
ACC01737,63.96,100.0,9.28,52.63,23.37,0.86,1,1
ACC01838,21.27,5.01,0.19,52.63,22.63,100.0,0,8
ACC00766,3.05,1.84,0.14,52.63,10.21,3.31,0,6
ACC01025,61.35,99.99,0.22,52.63,21.57,3.31,1,6
ACC01179,2.74,1.31,0.06,52.63,12.5,0.0,0,3
ACC00369,2.82,1.3,0.21,52.63,12.12,0.86,0,1
ACC00403,4.12,0.94,0.18,52.63,17.61,3.31,0,6
ACC00904,2.96,1.96,0.16,52.63,9.44,3.31,0,6
ACC00776,4.72,4.4,0.13,52.63,11.22,3.31,0,6
ACC01944,2.99,1.59,0.19,52.63,12.29,0.7,0,2
ACC01641,78.63,100.0,38.98,52.63,30.37,34.04,1,5
ACC01748,61.16,99.95,0.14,52.63,22.54,0.86,1,1
ACC00808,5.44,1.36,0.13,52.63,22.72,3.31,0,6
ACC01873,7.02,1.09,0.06,52.63,10.46,34.04,0,5
ACC01711,6.5,4.74,0.16,52.63,20.83,0.0,0,3
ACC00407,4.87,3.8,0.18,52.63,15.2,0.7,0,2
ACC00594,16.05,1.57,0.15,100.0,26.25,0.7,0,2
ACC00411,2.59,1.24,0.21,52.63,11.31,0.7,0,2
ACC00153,3.96,2.09,0.16,52.63,16.01,0.0,0,3
ACC01485,8.4,2.77,0.15,52.63,12.34,34.04,0,5
ACC01648,19.82,6.3,0.13,93.57,15.49,34.04,0,5
ACC01592,3.52,1.86,0.16,52.63,14.57,0.0,0,3
ACC00381,4.08,3.84,0.19,52.63,11.84,0.0,0,3
ACC01310,68.24,100.0,28.36,52.63,17.95,0.86,1,1
ACC01623,60.36,100.0,0.16,52.63,18.65,0.86,1,1
ACC00648,7.27,5.21,0.18,52.63,20.93,3.31,0,6
ACC01896,5.52,1.52,0.14,52.63,24.88,0.0,0,3
ACC00526,15.37,2.61,0.17,52.63,15.49,78.85,0,0
ACC01759,59.42,100.0,0.13,52.63,14.37,0.7,1,2
ACC00865,3.07,0.63,0.08,52.63,15.36,0.7,0,2
ACC01799,3.79,0.97,0.1,52.63,17.79,0.7,0,2
ACC00642,16.39,3.44,0.18,52.63,17.38,79.88,0,4
ACC00094,5.96,3.01,0.14,52.63,22.48,0.7,0,2
ACC01165,3.14,1.79,0.13,52.63,12.54,0.7,0,2
ACC00048,7.73,4.24,0.09,52.63,27.56,0.7,0,2
ACC01054,9.18,11.38,0.09,52.63,15.33,0.7,0,2
ACC00357,11.11,11.55,0.19,52.63,23.79,0.7,0,2
ACC01435,15.75,2.73,0.1,52.63,16.37,79.88,0,4
ACC00571,4.84,3.53,0.18,52.63,14.05,3.31,0,6
ACC00327,2.83,0.99,0.09,52.63,13.17,0.86,0,1
ACC01775,2.69,1.88,0.16,52.63,10.04,0.86,0,1
ACC01522,2.49,1.25,0.22,52.63,10.73,0.86,0,1
ACC00700,4.92,1.32,0.15,52.63,22.0,0.86,0,1
ACC01394,14.22,2.89,0.15,94.74,19.38,0.7,0,2
ACC00788,3.86,1.12,0.19,52.63,18.1,0.0,0,3
ACC00021,2.91,1.64,0.1,52.63,11.79,0.86,0,1
ACC01193,2.95,0.78,0.25,52.63,14.66,0.0,0,3
ACC01713,3.91,1.45,0.17,52.63,15.27,3.31,0,6
ACC01459,4.17,0.67,0.1,52.63,20.28,0.86,0,1
ACC00749,2.32,0.46,0.15,52.63,10.5,3.31,0,6
ACC01804,6.34,5.16,0.25,52.63,18.87,0.0,0,3
ACC00239,3.22,2.02,0.14,52.63,12.16,0.86,0,1
ACC00349,14.76,0.77,0.16,52.63,16.91,79.88,0,4
ACC01366,5.1,1.87,0.14,52.63,21.49,0.7,0,2
ACC00443,4.03,1.64,0.15,52.63,16.98,0.86,0,1
ACC00459,8.11,7.27,0.21,52.63,21.01,0.86,0,1
ACC00741,61.04,100.0,4.55,52.63,16.55,0.0,1,3
ACC00449,74.62,100.0,13.35,52.63,15.86,78.85,1,0
ACC01811,6.77,8.51,0.16,52.63,11.6,0.7,0,2
ACC00854,60.52,99.99,0.19,52.63,19.48,0.7,1,2
ACC01276,5.08,1.8,0.09,52.63,21.65,0.7,0,2
ACC01260,5.72,3.7,0.21,52.63,19.89,0.0,0,3
ACC01901,3.24,2.22,0.12,52.63,11.84,0.7,0,2
ACC01622,3.04,0.89,0.17,52.63,14.39,0.7,0,2
ACC01936,4.35,1.38,0.16,52.63,19.73,0.0,0,3
ACC00929,4.66,0.4,0.17,52.63,23.2,0.86,0,1
ACC00922,3.33,2.04,0.14,52.63,13.2,0.0,0,3
ACC00066,4.48,1.74,0.24,52.63,17.06,3.31,0,6
ACC00917,18.1,3.18,0.16,52.63,12.72,100.0,0,8
ACC01767,16.66,3.71,0.17,52.63,17.93,79.88,0,4
ACC00603,2.91,1.51,0.2,52.63,12.12,0.7,0,2
ACC01721,3.61,2.02,0.14,52.63,13.99,0.86,0,1
ACC00570,4.33,1.25,0.1,52.63,20.04,0.0,0,3
ACC01881,17.74,3.21,0.19,52.63,25.0,78.85,0,0
ACC00644,4.64,2.98,0.22,52.63,14.56,3.31,0,6
ACC00663,15.95,1.77,0.15,52.63,9.74,95.02,0,7
ACC00272,15.68,5.01,0.18,52.63,10.53,78.85,0,0
ACC01976,3.91,1.98,0.18,52.63,13.85,3.31,0,6
ACC00373,4.95,3.15,0.15,52.63,17.37,0.7,0,2
ACC00662,5.84,1.86,0.16,52.63,24.98,0.7,0,2
ACC01139,3.83,2.9,0.17,52.63,12.76,0.7,0,2
ACC00818,2.77,2.1,0.21,52.63,9.87,0.7,0,2
ACC01013,4.41,2.18,0.21,52.63,17.82,0.0,0,3
ACC00773,62.2,100.0,5.65,52.63,20.53,0.0,1,3
ACC00179,4.61,3.8,0.15,52.63,14.05,0.7,0,2
ACC00235,8.29,10.63,0.08,52.63,13.17,0.7,0,2
ACC01839,4.36,2.39,0.15,52.63,16.63,0.7,0,2
ACC01132,32.89,45.78,0.15,52.63,12.38,34.04,0,5
ACC00421,4.55,2.31,0.11,52.63,17.69,0.86,0,1
ACC01875,5.11,2.16,0.17,52.63,18.97,3.31,0,6
ACC01673,14.87,0.92,0.18,99.07,23.77,0.0,0,3
ACC00625,4.5,0.91,0.09,52.63,21.78,0.0,0,3
ACC01392,4.38,2.27,0.14,52.63,17.08,0.7,0,2
ACC01142,4.04,2.36,0.2,52.63,13.43,3.31,0,6
ACC00457,69.81,100.0,30.67,52.63,22.33,0.7,1,2
ACC00703,4.43,4.38,0.18,52.63,11.59,0.7,0,2
ACC00664,5.0,4.65,0.13,52.63,13.53,0.86,0,1
ACC00493,5.33,3.17,0.07,52.63,19.69,0.0,0,3
ACC00149,5.03,2.04,0.15,52.63,18.98,3.31,0,6
ACC00634,9.51,9.94,0.06,52.63,20.76,0.7,0,2
ACC00352,3.65,2.66,0.17,52.63,12.45,0.86,0,1
ACC01880,4.59,2.04,0.17,52.63,19.06,0.0,0,3
ACC00343,3.47,0.98,0.2,52.63,16.14,0.7,0,2
ACC01359,8.45,5.42,0.13,52.63,28.18,0.0,0,3
ACC00078,4.3,1.83,0.12,52.63,18.34,0.0,0,3
ACC00006,3.35,1.78,0.19,52.63,11.71,3.31,0,6
ACC00668,4.87,2.23,0.16,52.63,17.71,3.31,0,6
ACC01262,15.1,1.05,0.08,52.63,18.54,78.85,0,0
ACC00727,63.93,99.98,0.08,52.63,13.41,34.04,1,5
ACC00370,2.84,1.28,0.21,52.63,12.84,0.0,0,3
ACC00484,5.05,2.72,0.19,52.63,19.38,0.0,0,3
ACC00984,5.81,1.6,0.17,52.63,25.51,0.7,0,2
ACC01360,2.59,1.26,0.16,52.63,11.35,0.7,0,2
ACC00191,13.69,1.15,0.16,52.63,10.83,79.88,0,4
ACC01752,8.84,1.46,0.15,52.63,17.87,34.04,0,5
ACC00597,4.55,3.29,0.17,52.63,13.36,3.31,0,6
ACC00143,74.67,99.54,2.19,52.63,18.15,100.0,1,8
ACC00568,60.6,99.95,0.17,52.63,20.0,0.7,1,2
ACC00495,5.27,1.45,0.16,52.63,21.62,3.31,0,6
ACC01830,3.19,2.71,0.16,52.63,10.24,0.7,0,2
ACC00638,3.46,0.26,0.11,52.63,18.61,0.0,0,3
ACC00682,59.89,99.99,0.19,52.63,16.97,0.0,1,3
ACC01172,7.64,4.38,0.11,52.63,24.99,3.31,0,6
ACC00390,5.29,2.29,0.17,52.63,19.49,3.31,0,6
ACC00014,5.07,1.38,0.11,52.63,20.93,3.31,0,6
ACC00941,4.58,2.54,0.18,52.63,17.12,0.86,0,1
ACC01176,5.81,4.24,0.14,52.63,16.77,3.31,0,6
ACC00350,4.39,1.67,0.18,52.63,18.53,0.86,0,1
ACC00300,59.65,100.0,1.48,52.63,14.1,0.0,1,3
ACC00331,3.77,1.94,0.18,52.63,15.46,0.0,0,3
ACC01993,2.03,1.46,0.19,52.63,6.41,3.31,0,6
ACC00131,4.58,1.41,0.18,52.63,20.15,0.86,0,1
ACC00042,4.44,1.86,0.18,52.63,18.83,0.0,0,3
ACC00259,1.89,1.33,0.18,52.63,6.12,3.31,0,6
ACC00824,4.69,2.2,0.15,52.63,19.14,0.0,0,3
ACC00556,3.41,0.63,0.18,52.63,16.82,0.7,0,2
ACC01122,5.78,3.31,0.19,52.63,19.02,3.31,0,6
ACC01914,2.76,1.46,0.15,52.63,11.59,0.7,0,2
ACC01585,4.25,1.69,0.15,52.63,17.97,0.7,0,2
ACC01127,12.91,17.47,0.16,52.63,16.35,0.86,0,1
ACC01980,8.67,9.71,0.12,52.63,17.23,0.86,0,1
ACC01757,3.39,1.91,0.13,52.63,13.87,0.0,0,3
ACC01094,6.87,4.92,0.2,52.63,19.81,3.31,0,6
ACC01028,2.15,1.2,0.19,52.63,9.88,0.0,0,3
ACC01559,5.15,1.48,0.13,52.63,22.77,0.7,0,2
ACC01240,5.76,1.65,0.14,52.63,25.15,0.7,0,2
ACC00908,3.85,2.45,0.2,52.63,13.91,0.86,0,1
ACC00397,3.81,1.71,0.16,52.63,15.82,0.7,0,2
ACC01805,3.75,1.45,0.13,52.63,16.3,0.7,0,2
ACC01247,9.57,5.15,0.14,52.63,11.49,34.04,0,5
ACC01124,5.29,6.57,0.18,52.63,10.27,0.0,0,3
ACC01450,3.73,3.46,0.22,52.63,10.61,0.86,0,1
ACC00220,7.16,6.26,0.14,52.63,19.45,0.7,0,2
ACC01227,4.32,2.32,0.16,52.63,16.62,0.7,0,2
ACC01097,12.29,15.27,0.18,52.63,19.41,0.7,0,2
ACC00248,3.91,2.47,0.19,52.63,14.68,0.0,0,3
ACC00159,3.96,2.65,0.16,52.63,14.51,0.0,0,3
ACC00855,60.53,99.99,0.19,52.63,19.98,0.0,1,3
ACC01015,4.71,2.58,0.19,52.63,17.62,0.86,0,1
ACC01834,5.21,2.74,0.17,52.63,19.54,0.86,0,1
ACC00798,4.33,2.64,0.13,52.63,16.31,0.0,0,3
ACC00781,8.68,2.34,0.09,52.63,14.87,34.04,0,5
ACC00452,80.26,100.0,23.95,52.63,14.09,100.0,1,8
ACC01080,3.26,0.9,0.16,52.63,13.68,3.31,0,6
ACC01340,5.2,2.92,0.12,52.63,19.18,0.7,0,2
ACC01516,66.86,99.97,24.73,52.63,16.51,0.7,1,2
ACC00285,61.45,100.0,7.93,52.63,13.51,0.7,1,2
ACC01795,4.56,1.4,0.17,52.63,18.44,3.31,0,6
ACC00826,66.79,100.0,28.07,52.63,9.91,3.31,1,6
ACC00027,7.42,5.22,0.18,52.63,23.36,0.7,0,2
ACC01320,3.85,1.63,0.15,52.63,16.26,0.7,0,2
ACC00206,6.33,4.28,0.09,52.63,20.91,0.7,0,2
ACC00723,12.51,2.88,0.12,93.57,12.61,0.7,0,2
ACC01001,9.56,9.93,0.13,52.63,20.91,0.7,0,2
ACC01597,15.31,1.46,0.13,95.69,25.67,3.31,0,6
ACC01869,2.04,0.72,0.28,52.63,9.93,0.86,0,1
ACC00767,4.81,3.11,0.15,52.63,15.06,3.31,0,6
ACC01445,5.8,6.19,0.16,52.63,11.49,3.31,0,6
ACC01797,5.27,3.33,0.17,52.63,18.37,0.7,0,2
ACC00903,4.26,0.2,0.12,52.63,22.47,0.0,0,3
ACC01413,5.22,4.02,0.1,52.63,16.35,0.7,0,2
ACC00400,3.21,1.57,0.18,52.63,11.65,3.31,0,6
ACC00992,16.17,1.1,0.16,52.63,12.5,95.02,0,7
ACC01831,4.43,1.51,0.15,52.63,19.28,0.7,0,2
ACC00137,9.23,8.23,0.14,52.63,23.8,0.86,0,1
ACC00927,61.17,99.31,3.81,52.63,19.4,0.86,1,1
ACC01335,3.78,1.58,0.15,52.63,14.33,3.31,0,6
ACC01105,5.81,3.1,0.21,52.63,21.45,0.7,0,2
ACC00377,7.22,7.54,0.14,52.63,16.19,0.86,0,1
ACC01572,73.09,100.0,0.7,52.63,14.83,95.02,1,7
ACC01490,4.18,2.14,0.19,52.63,16.38,0.7,0,2
ACC01271,3.82,1.63,0.14,52.63,16.59,0.0,0,3
ACC00626,1.83,1.3,0.18,52.63,7.53,0.86,0,1
ACC01732,4.65,1.9,0.1,52.63,19.34,0.7,0,2
ACC01052,5.0,2.65,0.16,52.63,17.19,3.31,0,6
ACC00386,20.53,8.47,0.2,52.63,13.26,95.02,0,7
ACC00432,4.23,1.81,0.19,52.63,17.98,0.0,0,3
ACC01120,3.49,3.11,0.09,52.63,11.18,0.0,0,3
ACC01135,3.81,2.14,0.17,52.63,14.57,0.86,0,1
ACC00438,3.81,2.75,0.19,52.63,13.03,0.7,0,2
ACC01719,7.42,5.65,0.24,52.63,22.17,0.7,0,2
ACC01244,5.22,1.28,0.18,52.63,21.87,3.31,0,6
ACC00803,59.22,99.89,0.16,52.63,13.7,0.7,1,2
ACC00780,5.52,4.04,0.18,52.63,18.07,0.0,0,3
ACC01905,4.84,2.15,0.19,52.63,19.35,0.86,0,1
ACC00460,6.54,6.5,0.14,52.63,14.17,3.31,0,6
ACC01269,11.85,7.68,0.22,52.63,15.28,34.04,0,5
ACC00692,3.48,3.29,0.18,52.63,10.57,0.0,1,3
ACC00013,79.12,99.93,26.01,52.63,19.58,79.88,1,4
ACC00330,58.61,100.0,0.21,52.63,10.39,0.86,1,1
ACC01666,4.95,1.59,0.19,52.63,21.94,0.0,0,3
ACC01261,1.79,0.89,0.2,52.63,8.5,0.7,0,2
ACC01456,3.23,1.15,0.07,52.63,14.64,0.86,0,1
ACC00289,3.53,2.02,0.11,52.63,13.76,0.7,0,2
ACC00608,4.55,2.46,0.15,52.63,17.24,0.86,0,1
ACC00952,3.54,1.5,0.16,52.63,15.05,0.86,0,1
ACC00098,41.0,50.18,0.14,52.63,8.08,79.88,0,4
ACC01547,7.67,9.49,0.13,52.63,13.7,0.0,0,3
ACC00938,2.97,2.3,0.18,52.63,10.31,0.7,0,2
ACC01537,3.98,2.31,0.15,52.63,15.07,0.7,0,2
ACC01523,4.28,3.87,0.1,52.63,12.83,0.0,0,3
ACC01433,3.93,1.99,0.18,52.63,16.08,0.0,0,3
ACC00577,3.04,1.48,0.17,52.63,11.1,3.31,0,6
ACC01524,3.44,2.4,0.1,52.63,12.34,0.7,0,2
ACC00513,4.34,1.62,0.17,52.63,18.43,0.86,0,1
ACC00374,3.1,1.4,0.18,52.63,13.22,0.86,0,1
ACC00770,2.81,0.52,0.14,52.63,14.24,0.86,0,1
ACC01851,3.66,0.69,0.12,52.63,17.81,0.86,0,1
ACC01989,80.49,99.97,25.74,52.63,16.16,95.02,1,7
ACC01170,4.49,2.51,0.19,52.63,16.73,0.86,0,1
ACC00966,3.35,1.27,0.18,52.63,14.72,0.86,1,1
ACC00588,4.46,2.0,0.26,52.63,16.23,3.31,0,6
ACC00140,8.27,8.18,0.2,52.63,19.33,0.86,0,1
ACC00176,4.86,2.18,0.17,52.63,19.38,0.86,0,1
ACC01632,3.6,1.39,0.13,52.63,16.2,0.0,0,3
ACC01822,6.82,1.96,0.16,52.63,27.53,3.31,0,6
ACC01776,4.78,1.85,0.12,52.63,20.05,0.7,0,2
ACC00172,4.62,3.39,0.18,52.63,15.12,0.7,0,2
ACC01051,3.86,1.56,0.17,52.63,16.95,0.0,0,3
ACC00116,5.16,1.61,0.18,52.63,22.91,0.0,0,3
ACC00469,3.1,1.69,0.15,52.63,13.03,0.0,0,3
ACC01898,6.19,3.31,0.15,52.63,21.0,3.31,0,6
ACC01859,1.84,0.76,0.12,52.63,9.66,0.0,0,3
ACC00173,8.04,7.75,0.12,52.63,20.07,0.0,0,3
ACC00410,5.3,1.61,0.09,52.63,23.18,0.7,0,2
ACC01541,2.96,1.44,0.2,52.63,12.55,0.7,0,2
ACC01655,6.42,5.91,0.09,52.63,16.97,0.7,0,2
ACC00864,59.14,99.99,0.19,52.63,13.03,0.7,1,2
ACC00652,59.04,100.0,0.14,52.63,10.84,3.31,1,6
ACC00720,3.61,3.33,0.17,52.63,10.58,0.7,0,2
ACC01738,6.72,8.38,0.18,52.63,12.13,0.0,0,3
ACC01504,4.0,1.84,0.16,52.63,16.31,0.86,0,1
ACC01630,3.33,2.22,0.21,52.63,12.64,0.0,0,3
ACC00728,8.58,0.99,0.16,52.63,17.89,34.04,0,5
ACC00417,15.4,1.72,0.46,52.63,17.64,78.85,0,0
ACC00758,7.22,1.74,0.11,52.63,9.58,34.04,0,5
ACC01927,3.23,1.57,0.18,52.63,13.36,0.86,0,1
ACC00307,69.32,100.0,16.63,52.63,16.56,34.04,1,5
ACC00624,4.17,1.01,0.22,52.63,19.33,0.7,0,2
ACC01346,3.35,2.2,0.13,52.63,12.44,0.7,0,2
ACC00244,18.08,2.91,0.15,52.63,13.31,100.0,0,8
ACC00214,2.87,2.58,0.18,52.63,7.36,3.31,0,6
ACC00433,3.14,1.94,0.09,52.63,12.68,0.0,0,3
ACC01922,17.15,1.63,0.17,52.63,12.38,100.0,0,8
ACC00945,17.34,1.5,0.13,52.63,13.66,100.0,0,8
ACC01917,4.54,2.56,0.2,52.63,15.21,3.31,0,6
ACC01796,2.37,1.21,0.12,52.63,10.48,0.7,0,2
ACC00061,4.06,2.18,0.21,52.63,13.95,3.31,0,6
ACC00502,3.38,0.72,0.14,52.63,14.78,3.31,0,6
ACC01911,6.14,1.73,0.12,52.63,26.74,0.7,0,2
ACC00005,6.15,2.75,0.21,52.63,23.99,0.7,0,2
ACC00814,18.25,2.05,0.18,52.63,19.7,95.02,0,7
ACC00277,3.05,1.47,0.1,52.63,13.46,0.0,0,3
ACC01079,4.42,3.85,0.19,52.63,12.86,0.86,0,1
ACC01979,4.13,1.72,0.19,52.63,17.75,0.0,0,3
ACC00772,59.62,99.93,0.14,52.63,15.96,0.0,1,3
ACC01169,4.61,1.91,0.16,52.63,19.09,0.7,0,2
ACC01182,3.94,2.67,0.2,52.63,13.74,0.86,0,1
ACC01716,2.9,2.16,0.15,52.63,10.27,0.86,0,1
ACC00646,3.07,3.04,0.23,52.63,8.73,0.7,0,2
ACC01538,67.12,96.75,0.18,52.63,6.99,78.85,1,0
ACC00425,6.05,3.89,0.16,52.63,20.43,0.86,0,1
ACC00069,2.87,2.04,0.18,52.63,10.41,0.86,0,1
ACC00657,5.19,2.28,0.13,52.63,20.74,0.86,0,1
ACC00181,19.97,1.06,0.13,52.63,30.49,95.02,0,7
ACC01005,18.69,6.98,0.19,52.63,18.7,79.88,0,4
ACC00669,6.29,3.03,0.15,52.63,24.42,0.0,0,3
ACC00935,1.87,0.64,0.14,52.63,10.1,0.0,0,3
ACC01297,4.74,2.68,0.15,52.63,18.12,0.0,0,3
ACC00441,3.31,1.85,0.16,52.63,13.12,0.7,0,2
ACC01762,4.63,1.64,0.18,52.63,19.75,0.86,0,1
ACC01141,8.28,1.51,0.16,52.63,37.22,0.86,0,1
ACC00940,3.04,0.72,0.15,52.63,13.13,3.31,0,6
ACC00189,12.25,2.19,0.12,52.63,31.97,34.04,0,5
ACC00635,3.03,2.25,0.2,52.63,10.6,0.86,0,1
ACC00617,3.5,0.87,0.04,52.63,16.8,0.7,0,2
ACC00576,4.09,1.48,0.15,52.63,16.06,3.31,0,6
ACC01039,3.86,3.07,0.07,52.63,12.47,0.86,0,1
ACC01185,4.81,4.82,0.21,52.63,12.04,0.86,1,1
ACC01026,4.31,3.1,0.18,52.63,14.9,0.0,0,3
ACC01823,49.99,100.0,8.18,0.0,10.34,3.31,1,6
ACC00293,4.95,3.41,0.14,52.63,16.58,0.86,0,1
ACC01604,5.66,3.49,0.17,52.63,19.64,0.86,0,1
ACC00579,7.74,8.7,0.17,52.63,15.5,0.86,0,1
ACC01451,72.33,100.0,6.45,52.63,13.63,79.88,1,4
ACC01384,13.53,1.99,0.17,97.17,16.08,0.7,0,2
ACC01206,4.37,3.04,0.17,52.63,13.19,3.31,0,6
ACC00408,9.89,2.94,0.16,52.63,18.85,34.04,0,5
ACC00883,5.3,4.86,0.15,52.63,12.7,3.31,0,6
ACC01803,8.66,2.96,0.14,52.63,13.04,34.04,0,5
ACC01520,5.12,2.54,0.14,52.63,19.69,0.86,0,1
ACC00837,3.35,1.77,0.17,52.63,13.49,0.7,0,2
ACC01749,62.89,100.0,8.56,52.63,19.3,0.86,1,1
ACC01377,4.2,2.11,0.2,52.63,16.44,0.86,0,1
ACC01350,4.03,0.25,0.15,52.63,19.04,3.31,0,6
ACC00879,67.34,100.0,14.59,52.63,30.5,3.31,1,6
ACC00156,3.44,2.9,0.14,52.63,11.41,0.0,0,3
ACC01083,4.72,1.78,0.21,52.63,19.76,0.86,0,1
ACC01369,6.19,3.52,0.15,52.63,22.07,0.86,0,1
ACC01333,9.8,3.26,0.14,52.63,17.61,34.04,0,5
ACC00512,4.16,2.66,0.15,52.63,15.46,0.0,0,3
ACC01970,5.06,1.76,0.13,52.63,21.52,0.86,0,1
ACC01497,61.24,99.99,1.1,52.63,21.52,0.86,1,1
ACC01452,4.71,3.53,0.16,52.63,15.67,0.0,0,3
ACC00382,60.15,99.98,0.15,52.63,18.28,0.0,1,3
ACC00399,6.53,1.09,0.16,52.63,8.03,34.04,0,5
ACC01421,18.73,4.66,0.21,52.63,14.94,95.02,0,7
ACC01140,4.27,1.3,0.12,52.63,17.41,3.31,0,6
ACC00211,2.86,1.29,0.08,52.63,12.49,0.86,0,1
ACC01747,3.9,1.11,0.1,52.63,17.95,0.7,0,2
ACC01211,3.95,2.95,0.2,52.63,13.16,0.7,0,2
ACC01636,5.66,2.07,0.15,52.63,24.02,0.0,0,3
ACC00240,7.9,2.11,0.13,52.63,32.26,3.31,0,6
ACC01294,5.93,2.65,0.17,52.63,21.55,3.31,0,6
ACC00266,4.34,2.9,0.15,52.63,15.15,0.7,0,2
ACC00257,2.28,0.96,0.16,52.63,11.13,0.0,0,3
ACC01526,9.31,2.06,0.15,52.63,18.49,34.04,0,5
ACC01288,10.18,3.78,0.17,52.63,17.94,34.04,0,5
ACC01906,3.52,2.37,0.15,52.63,12.74,0.7,0,2
ACC00053,16.85,1.9,0.19,52.63,10.21,100.0,0,8
ACC01426,4.46,1.08,0.13,52.63,18.89,3.31,0,6
ACC00554,8.76,10.84,0.16,52.63,14.7,0.7,0,2
ACC00009,4.34,2.89,0.17,52.63,15.63,0.0,0,3
ACC00615,2.83,0.72,0.19,52.63,14.35,0.0,0,3
ACC01374,4.29,3.15,0.16,52.63,14.27,0.7,0,2
ACC01093,61.17,100.0,0.15,52.63,22.56,0.7,1,2
ACC01798,6.89,7.19,0.13,52.63,13.95,3.31,0,6
ACC01712,14.2,2.13,0.13,97.74,16.57,3.31,0,6
ACC00982,5.04,2.19,0.14,52.63,20.25,0.86,0,1
ACC00843,3.8,1.8,0.17,52.63,15.54,0.7,0,2
ACC00599,4.54,3.3,0.19,52.63,14.99,0.7,0,2
ACC01743,2.88,1.25,0.19,52.63,12.56,0.86,0,1
ACC00314,5.11,1.55,0.13,52.63,22.29,0.86,0,1
ACC00297,17.2,1.8,0.14,52.63,25.6,79.88,0,4
ACC01828,3.04,1.67,0.18,52.63,12.22,0.86,0,1
ACC01780,2.34,1.32,0.12,52.63,9.95,0.86,0,1
ACC01568,7.33,7.95,0.18,52.63,13.93,3.31,0,6
ACC00524,58.41,100.0,0.21,52.63,10.01,0.0,1,3
ACC00313,7.94,7.46,0.16,52.63,18.14,3.31,0,6
ACC00340,15.51,1.43,0.14,52.63,19.35,78.85,0,0
ACC00104,16.79,1.83,0.19,52.63,24.23,78.85,0,0
ACC01095,3.33,2.17,0.18,52.63,12.22,0.86,0,1
ACC01872,8.99,2.98,0.14,52.63,14.52,34.04,0,5
ACC00687,73.31,99.87,0.15,52.63,13.57,100.0,1,8
ACC00203,66.06,100.0,30.01,52.63,6.12,0.0,1,3
ACC00326,71.75,100.0,6.37,52.63,11.04,79.88,1,4
ACC00889,4.56,2.38,0.15,52.63,17.51,0.86,0,1
ACC00355,59.36,100.0,3.42,52.63,9.64,0.86,1,1
ACC00371,82.34,100.0,32.52,52.63,15.71,95.02,1,7
ACC01617,3.04,0.6,0.28,52.63,13.3,3.31,0,6
ACC01678,2.18,1.88,0.19,52.63,7.62,0.86,0,1
ACC00680,3.5,2.23,0.22,52.63,12.84,0.86,0,1
ACC00845,16.14,2.13,0.19,52.63,9.6,95.02,0,7
ACC00688,3.77,1.87,0.12,52.63,15.28,0.7,0,2
ACC01751,2.35,1.23,0.13,52.63,10.23,0.86,0,1
ACC00298,3.06,1.62,0.18,52.63,12.45,0.86,0,1
ACC00527,5.41,2.78,0.14,52.63,20.41,0.86,0,1
ACC00051,57.48,100.0,0.19,52.63,5.22,0.7,1,2
ACC01265,5.43,3.65,0.18,52.63,18.68,0.0,0,3
ACC01781,3.35,1.8,0.21,52.63,11.67,3.31,0,6
ACC01246,4.13,2.08,0.18,52.63,16.8,0.0,0,3
ACC01273,1.89,1.25,0.18,52.63,8.52,0.0,0,3
ACC00919,20.87,3.54,0.15,99.42,21.9,34.04,0,5
ACC01243,78.71,100.0,9.86,52.63,25.59,100.0,1,8
ACC01529,8.11,1.05,0.08,52.63,15.65,34.04,0,5
ACC00896,10.06,3.2,0.16,52.63,18.94,34.04,0,5
ACC00995,9.11,9.21,0.12,52.63,20.72,0.7,0,2
ACC00416,9.24,4.15,0.14,52.63,12.6,34.04,0,5
ACC01304,8.58,2.69,0.11,52.63,13.42,34.04,0,5
ACC01967,12.14,0.45,0.09,96.49,12.73,3.31,0,6
ACC00719,4.47,3.18,0.12,52.63,15.53,0.0,0,3
ACC01897,2.98,2.12,0.09,52.63,11.44,0.0,0,3
ACC01364,5.9,3.58,0.15,52.63,18.95,3.31,0,6
ACC00550,2.72,1.54,0.13,52.63,11.22,0.7,0,2
ACC01768,3.18,1.8,0.1,52.63,12.75,0.7,0,2
ACC00573,3.73,2.66,0.14,52.63,13.43,0.0,0,3
ACC01718,7.47,1.55,0.14,52.63,11.24,34.04,0,5
ACC00897,9.36,2.14,0.15,52.63,18.5,34.04,0,5
ACC00020,3.52,3.15,0.2,52.63,10.48,0.86,0,1
ACC01708,5.03,3.31,0.2,52.63,17.23,0.7,0,2
ACC01843,59.28,100.0,0.15,52.63,11.97,3.31,1,6
ACC00976,61.2,100.0,0.13,52.63,22.61,0.86,1,1
ACC01625,7.87,5.87,0.18,52.63,23.64,0.86,0,1
ACC00087,15.55,3.26,0.12,52.63,14.68,78.85,0,0
ACC00880,3.72,1.54,0.16,52.63,15.87,0.7,0,2
ACC01017,8.76,2.23,0.18,52.63,15.41,34.04,0,5
ACC01746,6.17,1.91,0.12,52.63,26.33,0.86,0,1
ACC00565,6.12,9.95,0.22,52.63,4.62,0.7,0,2
ACC01603,8.36,6.58,0.15,52.63,24.64,0.0,0,3
ACC00906,5.26,2.8,0.14,52.63,19.74,0.7,0,2
ACC00807,2.83,0.83,0.14,52.63,14.11,0.0,0,3
ACC01933,7.43,1.71,0.15,52.63,10.58,34.04,0,5
ACC01519,5.83,2.88,0.12,52.63,22.7,0.0,0,3
ACC01489,4.8,3.57,0.13,52.63,15.59,0.7,0,2
ACC00742,59.63,100.0,3.33,52.63,11.09,0.7,1,2
ACC01640,4.97,2.62,0.07,52.63,17.24,3.31,0,6
ACC00963,5.49,3.63,0.13,52.63,18.62,0.7,0,2
ACC00699,4.52,1.24,0.15,52.63,20.91,0.0,0,3
ACC00785,4.0,1.84,0.15,52.63,16.84,0.0,0,3
ACC00816,3.07,1.84,0.21,52.63,11.96,0.7,0,2
ACC00691,5.95,2.48,0.12,52.63,22.14,3.31,0,6
ACC01739,3.99,0.73,0.15,52.63,17.58,3.31,0,6
ACC01996,4.87,3.11,0.14,52.63,17.02,0.86,0,1
ACC00037,4.09,1.83,0.1,52.63,16.8,0.86,0,1
ACC01988,5.26,3.78,0.15,52.63,17.16,0.7,0,2
ACC00522,4.28,1.68,0.14,52.63,18.16,0.7,0,2
ACC00161,58.63,100.0,0.2,52.63,10.58,0.7,1,2
ACC00733,5.2,7.14,0.18,52.63,7.86,0.7,0,2
ACC01234,74.26,100.0,31.51,52.63,19.86,34.04,1,5
ACC01290,6.29,5.07,0.12,52.63,16.81,3.31,0,6
ACC00012,3.41,1.54,0.15,52.63,12.73,3.31,0,6
ACC01561,5.52,3.47,0.17,52.63,17.44,3.31,1,6
ACC01772,62.23,99.97,2.44,52.63,24.42,0.86,1,1
ACC01126,59.15,99.95,0.16,52.63,13.23,0.7,1,2
ACC01308,5.84,5.15,0.15,52.63,14.45,3.31,0,6
ACC01464,2.75,1.75,0.2,52.63,10.69,0.7,0,2
ACC01195,5.19,5.31,0.15,52.63,12.63,0.86,0,1
ACC00866,59.97,100.0,1.9,52.63,14.6,0.7,1,2
ACC00348,4.51,2.41,0.14,52.63,17.18,0.86,0,1
ACC00262,3.92,0.6,0.18,52.63,17.57,3.31,0,6
ACC01619,6.21,3.9,0.16,52.63,21.24,0.7,0,2
ACC00960,3.02,3.37,0.13,52.63,6.04,3.31,0,6
ACC01229,3.89,2.72,0.14,52.63,13.45,0.86,0,1
ACC00631,6.25,6.97,0.17,52.63,11.5,3.31,0,6
ACC01766,6.6,4.63,0.16,52.63,21.62,0.0,0,3
ACC01879,65.83,99.89,4.39,52.63,37.31,3.31,1,6
ACC01952,26.02,1.77,0.14,98.68,20.97,79.88,0,4
ACC01200,4.77,0.93,0.14,52.63,20.73,3.31,0,6
ACC01194,6.12,4.5,0.12,52.63,19.18,0.86,0,1
ACC01029,4.82,2.68,0.16,52.63,18.48,0.0,0,3
ACC00147,4.45,0.62,0.13,52.63,20.05,3.31,0,6
ACC01855,2.97,1.3,0.21,52.63,11.18,3.31,0,6
ACC00096,6.47,4.91,0.17,52.63,20.25,0.0,0,3
ACC01390,3.97,2.13,0.15,52.63,15.48,0.7,0,2
ACC01104,6.02,2.4,0.15,52.63,24.83,0.0,0,3
ACC01035,6.14,4.24,0.12,52.63,18.33,3.31,0,6
ACC00534,4.66,2.71,0.23,52.63,17.53,0.0,0,3
ACC01509,7.31,1.11,0.1,52.63,11.69,34.04,0,5
ACC01220,10.32,13.38,0.2,52.63,15.64,0.0,0,3
ACC00363,2.07,1.96,0.23,52.63,7.38,0.0,0,3
ACC00038,3.57,1.99,0.14,52.63,14.46,0.0,0,3
ACC00813,4.61,2.29,0.17,52.63,17.93,0.86,0,1
ACC00693,3.38,0.94,0.18,52.63,14.13,3.31,0,6
ACC01634,21.18,3.7,0.17,52.63,29.06,95.02,0,7
ACC01174,5.22,2.72,0.15,52.63,18.02,3.31,0,6
ACC00034,60.01,100.0,0.11,52.63,15.42,3.31,1,6
ACC01611,14.77,5.43,0.13,92.11,17.77,0.86,0,1
ACC01930,5.79,5.06,0.21,52.63,16.57,0.0,0,3
ACC00089,5.7,2.5,0.15,52.63,23.08,0.0,0,3
ACC00023,5.65,4.02,0.18,52.63,18.77,0.0,0,3
ACC00099,4.06,1.8,0.2,52.63,16.61,0.86,0,1
ACC01586,3.41,1.89,0.16,52.63,13.95,0.0,0,3
ACC01554,7.12,2.18,0.16,52.63,30.57,0.0,0,3
ACC00592,5.37,0.64,0.08,52.63,26.13,0.7,0,2
ACC01949,5.24,2.01,0.16,52.63,21.64,0.86,0,1
ACC00676,6.89,3.25,0.05,52.63,26.33,0.7,0,2
ACC01789,4.15,1.95,0.17,52.63,16.7,0.86,0,1
ACC00052,6.84,5.9,0.12,52.63,18.8,0.86,0,1
ACC01344,3.36,1.91,0.21,52.63,13.14,0.7,0,2
ACC00804,4.81,3.89,0.19,52.63,12.98,3.31,0,6
ACC00869,3.8,1.42,0.14,52.63,14.87,3.31,0,6
ACC01703,16.2,3.7,0.14,52.63,15.83,79.88,0,4
ACC01198,5.94,3.04,0.17,52.63,22.27,0.7,0,2
ACC00737,3.26,1.54,0.12,52.63,14.22,0.0,0,3
ACC01226,6.72,8.08,0.18,52.63,12.39,0.86,0,1
ACC01256,4.38,2.59,0.2,52.63,14.37,3.31,0,6
ACC00388,6.36,2.86,0.13,52.63,25.22,0.0,0,3
ACC01020,6.99,2.19,0.16,52.63,29.45,0.7,0,2
ACC00840,3.44,2.9,0.19,52.63,10.89,0.7,0,2
ACC00961,64.29,100.0,0.17,52.63,14.94,34.04,1,5
ACC00844,4.92,2.2,0.14,52.63,20.24,0.0,0,3
ACC01665,18.51,1.05,0.16,52.63,23.6,95.02,0,7
ACC01594,9.47,2.85,0.18,52.63,17.07,34.04,0,5
ACC00610,2.9,1.02,0.05,52.63,13.58,0.7,0,2
ACC01056,61.2,99.93,1.74,52.63,19.01,3.31,1,6
ACC00562,5.61,3.44,0.16,52.63,19.68,0.7,0,2
ACC00379,2.96,1.38,0.1,52.63,12.82,0.7,0,2
ACC01449,18.13,3.32,0.17,52.63,12.43,100.0,0,8
ACC01521,16.84,4.36,0.08,98.68,24.36,0.0,0,3
ACC00564,18.27,5.62,0.15,52.63,6.99,100.0,0,8
ACC01999,4.68,2.91,0.14,52.63,16.64,0.86,0,1
ACC01070,61.31,100.0,5.17,52.63,16.4,0.86,1,1
ACC00188,3.29,1.04,0.17,52.63,15.17,0.7,0,2
ACC00665,63.86,100.0,5.13,52.63,29.0,0.0,1,3
ACC01698,10.52,4.19,0.19,52.63,18.43,34.04,0,5
ACC00335,5.88,2.26,0.16,52.63,24.08,0.7,0,2
ACC01596,6.16,4.22,0.14,52.63,20.22,0.7,0,2
ACC01286,6.19,6.18,0.18,52.63,15.51,0.0,0,3
ACC00178,66.13,99.71,19.41,52.63,20.89,0.7,1,2
ACC01274,5.97,2.24,0.06,52.63,25.14,0.0,0,3
ACC01221,4.43,0.82,0.2,52.63,19.33,3.31,0,6
ACC00359,4.73,4.3,0.15,52.63,13.17,0.86,0,1
ACC00208,5.0,3.72,0.15,52.63,16.11,0.7,0,2
ACC00144,5.97,5.38,0.19,52.63,14.42,3.31,1,6
ACC01050,5.0,2.64,0.07,52.63,18.98,0.86,0,1
ACC01633,2.56,1.31,0.16,52.63,10.93,0.86,0,1
ACC01664,8.74,12.28,0.35,52.63,10.94,0.0,0,3
ACC00286,4.77,2.09,0.11,52.63,19.29,0.86,0,1
ACC01218,3.61,2.12,0.06,52.63,13.83,0.86,0,1
ACC01662,4.08,2.61,0.18,52.63,14.7,0.7,0,2
ACC01870,4.24,1.39,0.09,52.63,18.81,0.7,0,2
ACC01810,4.58,1.33,0.11,52.63,20.51,0.7,0,2
ACC01518,72.79,100.0,38.82,52.63,25.44,0.7,1,2
ACC00375,19.24,5.23,0.24,52.63,12.45,100.0,0,8
ACC01381,61.65,99.73,0.18,52.63,25.96,0.0,1,3
ACC00714,4.23,1.13,0.19,52.63,19.34,0.7,0,2
ACC01212,2.37,0.69,0.2,52.63,10.03,3.31,0,6
ACC00537,5.3,5.3,0.13,52.63,13.18,0.86,0,1
ACC00430,15.65,2.51,0.14,52.63,16.41,79.88,0,4
ACC01733,3.15,0.02,0.18,52.63,15.52,3.31,0,6
ACC01457,7.9,1.21,0.16,52.63,14.13,34.04,0,5
ACC01408,8.03,4.16,0.17,52.63,28.98,0.86,0,1
ACC00279,4.7,0.68,0.1,52.63,22.85,0.7,0,2
ACC01502,2.48,1.14,0.27,52.63,9.25,3.31,0,6
ACC00722,60.5,99.9,0.17,52.63,20.11,0.0,1,3
ACC01278,5.0,2.99,0.18,52.63,18.01,0.7,0,2
ACC00199,2.68,2.01,0.17,52.63,10.22,0.0,0,3
ACC01582,5.38,1.62,0.1,52.63,23.42,0.86,0,1
ACC01571,5.93,1.07,0.1,52.63,27.45,0.86,0,1
ACC01484,79.5,100.0,43.01,52.63,29.08,34.04,1,5
ACC00499,63.65,100.0,8.98,52.63,20.67,3.31,1,6
ACC01331,67.17,100.0,28.46,52.63,12.85,0.86,1,1
ACC00828,3.57,0.94,0.17,52.63,16.65,0.86,0,1
ACC00762,2.91,2.06,0.18,52.63,8.94,3.31,0,6
ACC01558,62.2,99.99,2.44,52.63,24.33,0.7,1,2
ACC00317,9.46,1.47,0.13,52.63,20.79,34.04,0,5
ACC01583,5.47,4.02,0.16,52.63,17.47,0.7,0,2
ACC01577,8.74,0.52,0.2,52.63,19.83,34.04,0,5
ACC01893,10.21,12.09,0.15,52.63,18.19,0.7,0,2
ACC00948,4.26,2.29,0.12,52.63,16.49,0.7,0,2
ACC00019,17.13,1.68,0.17,52.63,26.22,78.85,0,0
ACC00956,3.21,2.52,0.2,52.63,11.27,0.0,0,3
ACC00876,4.52,1.96,0.11,52.63,16.85,3.31,0,6
ACC01555,5.22,3.96,0.2,52.63,16.41,0.7,0,2
ACC01375,5.77,5.96,0.16,52.63,13.71,0.7,0,2
ACC01397,60.76,100.0,1.17,52.63,19.29,0.7,1,2
ACC01908,4.1,2.85,0.19,52.63,14.02,0.86,0,1
ACC01919,3.49,1.85,0.21,52.63,13.8,0.86,0,1
ACC00301,3.16,1.34,0.12,52.63,13.75,0.86,0,1
ACC01420,6.43,2.93,0.18,52.63,23.09,3.31,0,6
ACC01188,6.14,7.18,0.13,52.63,12.13,0.86,0,1
ACC01744,1.97,0.95,0.15,52.63,9.75,0.0,0,3
ACC01041,4.44,1.41,0.2,52.63,19.46,0.86,0,1
ACC00605,4.37,2.64,0.17,52.63,15.84,0.86,0,1
ACC01325,3.02,2.23,0.19,52.63,10.72,0.7,0,2
ACC00123,3.52,1.57,0.14,52.63,13.14,3.31,0,6
ACC01343,6.33,4.3,0.13,52.63,19.06,3.31,0,6
ACC01027,3.2,2.67,0.18,52.63,10.27,0.86,0,1
ACC00448,6.25,2.09,0.2,52.63,24.5,3.31,0,6
ACC01315,5.54,6.06,0.17,52.63,12.81,0.0,0,3
ACC01305,5.5,3.21,0.17,52.63,19.76,0.7,0,2
ACC01208,4.53,2.18,0.3,52.63,17.78,0.7,0,2
ACC00871,9.88,3.04,0.13,52.63,18.56,34.04,0,5
ACC01199,60.32,99.98,5.81,52.63,9.32,3.31,1,6
ACC00229,2.87,1.54,0.19,52.63,12.33,0.0,0,3
ACC01785,12.26,8.21,0.16,52.63,15.89,34.04,0,5
ACC00212,6.5,3.07,0.14,52.63,24.73,0.86,0,1
ACC01560,4.5,2.18,0.19,52.63,16.04,3.31,0,6
ACC00931,7.53,3.64,0.19,52.63,28.55,0.0,0,3
ACC01237,5.65,2.18,0.16,52.63,23.23,0.7,0,2
ACC00292,6.76,2.74,0.13,52.63,26.85,0.86,0,1
ACC00822,8.93,7.76,0.18,52.63,21.92,3.31,0,6
ACC00726,3.33,1.76,0.1,52.63,14.04,0.0,0,3
ACC01961,5.63,2.72,0.14,52.63,22.19,0.0,0,3
ACC00254,3.02,1.38,0.16,52.63,13.49,0.0,0,3
ACC00696,18.76,1.39,0.16,97.17,19.99,34.04,0,5
ACC01926,8.69,7.31,0.17,52.63,23.75,0.7,0,2
ACC00354,4.15,2.49,0.19,52.63,15.3,0.7,0,2
ACC01016,59.27,100.0,0.18,52.63,13.52,0.86,1,1
ACC01089,3.74,1.53,0.15,52.63,15.93,0.86,0,1
ACC00739,5.81,6.68,0.13,52.63,12.5,0.0,0,3
ACC00067,3.59,1.14,0.16,52.63,16.26,0.86,0,1
ACC01442,73.39,100.0,0.18,52.63,13.57,100.0,1,8
ACC01136,5.1,5.43,0.21,52.63,11.78,0.86,0,1
ACC00251,3.11,2.25,0.18,52.63,11.0,0.86,0,1
ACC01204,3.48,0.89,0.15,52.63,16.38,0.86,0,1
ACC00891,5.43,2.11,0.16,52.63,22.81,0.0,0,3
ACC00424,6.7,5.24,0.16,52.63,19.99,0.7,0,2
ACC00958,4.44,3.41,0.1,52.63,12.63,3.31,0,6
ACC00600,72.37,100.0,10.39,52.63,9.27,78.85,1,0
ACC00529,14.52,2.01,0.2,52.63,12.4,79.88,0,4
ACC00598,16.13,2.03,0.16,52.63,19.96,79.88,0,4
ACC00602,5.59,1.99,0.15,52.63,23.45,0.7,0,2
ACC01429,16.98,4.34,0.15,52.63,17.76,79.88,0,4
ACC00701,3.44,1.54,0.12,52.63,12.87,3.31,0,6
ACC00721,4.09,2.29,0.18,52.63,16.05,0.0,0,3
ACC00462,4.35,2.02,0.18,52.63,15.76,3.31,0,6
ACC01326,6.17,2.42,0.08,52.63,25.1,0.7,0,2
ACC01160,3.54,2.24,0.12,52.63,13.69,0.0,0,3
ACC01808,3.41,1.75,0.09,52.63,14.42,0.0,0,3
ACC00819,3.34,1.89,0.18,52.63,13.02,0.86,0,1
ACC00557,18.92,2.1,0.13,52.63,19.48,100.0,0,8
ACC01841,4.39,2.29,0.15,52.63,15.32,3.31,0,6
ACC00831,4.62,1.49,0.17,52.63,20.68,0.0,0,3
ACC00446,4.0,1.67,0.17,52.63,16.8,0.7,0,2
ACC00368,3.26,1.31,0.1,52.63,14.4,0.7,0,2
ACC01987,5.13,2.48,0.14,52.63,20.47,0.0,0,3
ACC01087,4.02,2.29,0.13,52.63,15.21,0.86,0,1
ACC00887,3.29,1.2,0.14,52.63,14.78,0.7,0,2
ACC01740,3.66,2.98,0.17,52.63,11.65,0.86,0,1
ACC01557,5.41,2.34,0.18,52.63,22.11,0.0,0,3
ACC01114,2.89,0.85,0.12,52.63,14.33,0.0,0,3
ACC01403,65.01,100.0,21.0,52.63,13.19,0.0,1,3
ACC00296,2.01,1.35,0.19,52.63,8.81,0.0,0,3
ACC01321,3.29,2.49,0.15,52.63,11.34,0.7,0,2
ACC01147,2.56,0.99,0.17,52.63,11.89,0.7,0,2
ACC00273,2.41,1.08,0.16,52.63,10.88,0.86,0,1
ACC00895,20.3,3.62,0.16,52.63,21.84,100.0,0,8
ACC00584,70.18,99.97,22.35,52.63,13.01,34.04,1,5
ACC00466,11.69,2.84,0.32,52.63,27.33,34.04,0,5
ACC01659,4.82,3.2,0.14,52.63,16.63,0.7,0,2
ACC01973,60.66,99.69,0.15,52.63,21.0,0.7,1,2
ACC01264,3.5,1.2,0.16,52.63,16.19,0.0,0,3
ACC00003,2.92,1.81,0.07,52.63,12.01,0.0,0,3
ACC01938,6.42,4.48,0.19,52.63,20.53,0.86,0,1
ACC01824,68.93,99.99,23.91,52.63,27.17,0.86,1,1
ACC00076,6.79,4.4,0.09,52.63,20.99,3.31,0,6
ACC01907,5.62,2.14,0.12,52.63,23.7,0.0,0,3
ACC01692,4.4,3.82,0.2,52.63,12.93,0.7,0,2
ACC00697,5.43,3.76,0.12,52.63,18.05,0.7,0,2
ACC00026,5.65,5.99,0.15,52.63,12.99,0.86,0,1
ACC00686,5.49,1.7,0.16,52.63,22.02,3.31,0,6
ACC00685,8.82,2.23,0.11,52.63,15.79,34.04,0,5
ACC01328,3.79,1.88,0.13,52.63,15.35,0.7,0,2
ACC00246,6.9,6.8,0.14,52.63,16.69,0.86,0,1
ACC01588,3.68,1.5,0.15,52.63,16.29,0.0,0,3
ACC01567,15.45,2.98,0.18,97.17,22.93,0.0,0,3
ACC01145,14.93,19.73,0.18,52.63,19.89,0.7,0,2
ACC01068,66.01,100.0,0.19,52.63,22.97,34.04,1,5
ACC01008,3.91,2.51,0.18,52.63,14.07,0.86,0,1
ACC00710,83.57,100.0,71.18,52.63,10.58,34.04,1,5
ACC01492,76.37,100.0,28.28,52.63,34.06,34.04,1,5
ACC00833,1.94,1.09,0.18,52.63,8.71,0.7,0,2
ACC00521,20.57,6.22,0.19,52.63,16.12,100.0,0,8
ACC00312,20.41,2.15,0.18,52.63,26.26,100.0,0,8
ACC00252,12.64,2.21,0.16,52.63,33.66,34.04,0,5
ACC00870,75.61,100.0,49.28,52.63,25.2,0.0,1,3
ACC01815,62.61,100.0,10.71,52.63,15.68,0.0,1,3
ACC01281,2.91,1.86,0.2,52.63,11.06,0.86,0,1
ACC00649,4.16,1.56,0.48,52.63,17.47,0.7,0,2
ACC01151,76.68,100.0,9.43,52.63,19.99,95.02,1,7
ACC00596,3.32,1.92,0.11,52.63,13.53,0.0,0,3
ACC00745,6.58,1.95,0.12,52.63,28.23,0.7,0,2
ACC00303,20.97,3.55,0.18,52.63,25.14,100.0,0,8
ACC00447,7.01,3.84,0.13,52.63,23.49,3.31,0,6
ACC01477,6.12,3.59,0.08,52.63,21.75,0.7,0,2
ACC00783,3.63,2.31,0.18,52.63,13.37,0.7,0,2
ACC01645,71.76,100.0,21.41,52.63,21.6,34.04,1,5
ACC01507,71.32,99.99,0.13,98.25,24.46,0.86,1,1
ACC01904,1.45,0.36,0.16,52.63,8.86,0.0,0,3
ACC00586,82.04,100.0,40.79,52.63,13.39,79.88,1,4
ACC01915,16.0,4.44,0.15,98.68,19.68,0.7,0,2
ACC01883,63.24,100.0,7.85,52.63,22.0,0.7,1,2
ACC01512,8.99,10.45,0.1,52.63,16.78,0.86,0,1
ACC00479,2.46,1.72,0.22,52.63,9.87,0.0,0,3
ACC00543,6.68,5.56,0.06,52.63,19.05,0.86,0,1
ACC01638,72.96,100.0,0.15,52.63,25.69,78.85,1,0
ACC00884,5.7,1.98,0.15,52.63,22.25,3.31,0,6
ACC00030,64.92,100.0,2.78,52.63,14.41,34.04,1,5
ACC00881,8.42,8.64,0.18,52.63,17.21,3.31,0,6
ACC00658,4.2,2.77,0.13,52.63,14.75,0.86,0,1
ACC01046,14.93,1.93,0.2,52.63,15.23,78.85,0,0
ACC01499,3.15,1.5,0.12,52.63,13.82,0.0,0,3
ACC01569,61.67,100.0,6.66,52.63,16.68,0.0,1,3
ACC00985,3.81,1.52,0.18,52.63,16.8,0.0,0,3
ACC00928,9.74,1.67,0.02,52.63,21.69,34.04,0,5
ACC00186,17.52,2.44,0.2,52.63,11.91,100.0,0,8
ACC01835,17.57,2.23,0.2,52.63,12.71,100.0,0,8
ACC01205,5.1,1.4,0.15,52.63,22.63,0.86,0,1
ACC00827,5.53,5.68,0.08,52.63,13.87,0.0,0,3
ACC01792,62.84,99.94,4.12,52.63,25.72,0.0,1,3
ACC01467,4.98,1.2,0.13,52.63,22.64,0.86,0,1
ACC00629,3.33,1.6,0.14,52.63,13.83,0.86,0,1
ACC01531,3.43,1.44,0.1,52.63,13.11,3.31,0,6
ACC00656,3.86,2.72,0.12,52.63,13.46,0.7,0,2
ACC00412,62.29,100.0,10.49,52.63,12.27,3.31,1,6
ACC00578,1.56,1.33,0.17,52.63,6.76,0.0,0,3
ACC00734,5.21,1.69,0.14,52.63,22.4,0.86,0,1
ACC00914,4.11,0.5,0.17,52.63,18.74,3.31,0,6
ACC01695,2.39,0.01,0.12,52.63,14.24,0.0,0,3
ACC00779,7.31,4.05,0.18,52.63,25.88,0.86,1,1
ACC01832,7.91,7.39,0.17,52.63,19.77,0.86,0,1
ACC00365,4.3,2.22,0.15,52.63,16.69,0.86,0,1
ACC01123,3.49,2.25,0.17,52.63,12.92,0.7,0,2
ACC00538,5.04,3.38,0.18,52.63,15.38,3.31,0,6
ACC00851,3.27,1.51,0.13,52.63,13.86,0.7,0,2
ACC01103,6.07,2.9,0.17,52.63,23.25,0.7,0,2
ACC00384,4.52,2.8,0.14,52.63,16.3,0.7,0,2
ACC01694,3.86,2.28,0.13,52.63,15.04,0.0,0,3
ACC01995,59.91,100.0,3.15,52.63,12.54,0.86,1,1
ACC00765,16.13,2.92,0.15,95.69,27.17,0.86,0,1
ACC00044,5.1,3.22,0.1,52.63,18.41,0.0,0,3
ACC01690,5.84,1.46,0.28,52.63,25.89,0.7,1,2
ACC00539,4.64,1.86,0.2,52.63,19.2,0.86,0,1
ACC00823,5.54,6.99,0.17,52.63,9.86,0.7,0,2
ACC00711,5.91,3.27,0.22,52.63,21.34,0.86,0,1
ACC01447,3.99,1.75,0.14,52.63,17.1,0.0,0,3
ACC00167,7.21,4.39,0.2,52.63,22.82,3.31,0,6
ACC00841,59.14,99.39,0.21,52.63,15.05,0.0,1,3
ACC00378,3.06,1.32,0.11,52.63,13.9,0.0,0,3
ACC00990,5.27,1.58,0.2,52.63,22.99,0.7,0,2
ACC00276,9.5,1.97,0.17,52.63,19.58,34.04,0,5
ACC01183,5.17,1.92,0.12,52.63,22.18,0.0,0,3
ACC01163,13.69,15.66,0.18,52.63,24.82,0.86,0,1
ACC01475,3.01,2.12,0.12,52.63,10.92,0.86,0,1
ACC00847,5.82,3.29,0.19,52.63,20.91,0.86,0,1
ACC00619,9.1,4.54,0.14,52.63,33.05,0.86,0,1
ACC01058,60.95,100.0,4.14,52.63,14.49,3.31,1,6
ACC01372,4.64,4.02,0.19,52.63,11.81,3.31,0,6
ACC01514,3.26,0.69,0.18,52.63,15.97,0.7,0,2
ACC01887,6.46,1.87,0.11,52.63,26.17,3.31,0,6
ACC00751,4.84,3.66,0.17,52.63,15.93,0.0,0,3
ACC00124,16.02,3.5,0.12,52.63,5.47,95.02,0,7
ACC01423,5.79,2.63,0.19,52.63,22.62,0.7,0,2
ACC01493,4.08,2.17,0.2,52.63,14.09,3.31,0,6
ACC01556,3.9,1.6,0.16,52.63,14.82,3.31,0,6
ACC00924,4.91,1.85,0.18,52.63,20.63,0.7,0,2
ACC00994,2.44,1.45,0.13,52.63,10.63,0.0,0,3
ACC01009,3.65,1.62,0.11,52.63,15.88,0.0,0,3
ACC01806,60.97,100.0,3.27,52.63,17.94,0.0,1,3
ACC01422,4.74,4.33,0.16,52.63,13.67,0.0,0,3
ACC01470,4.8,0.8,0.2,52.63,23.33,0.0,0,3
ACC01756,66.2,100.0,16.3,52.63,24.5,0.86,1,1
ACC00567,3.53,0.83,0.03,52.63,15.31,3.31,0,6
ACC00916,3.87,1.64,0.15,52.63,16.79,0.0,0,3
ACC01753,3.75,1.91,0.17,52.63,13.27,3.31,0,6
ACC00120,6.79,4.02,0.15,52.63,21.9,3.31,0,6
ACC01424,2.4,1.53,0.14,52.63,9.67,0.86,0,1
ACC01107,7.72,1.11,0.22,52.63,13.45,34.04,0,5
ACC01940,4.26,1.7,0.16,52.63,17.89,0.86,0,1
ACC00747,8.36,11.58,0.16,52.63,10.85,0.7,0,2
ACC01816,3.12,1.77,0.15,52.63,12.96,0.0,0,3
ACC00632,3.29,3.17,0.17,52.63,9.38,0.86,0,1
ACC00944,5.49,3.17,0.17,52.63,18.07,3.31,0,6
ACC00506,4.34,0.51,0.08,52.63,19.9,3.31,0,6
ACC00454,7.81,6.22,0.16,52.63,22.59,0.7,0,2
ACC01337,4.86,2.27,0.17,52.63,19.72,0.0,0,3
ACC01684,62.52,100.0,6.19,52.63,19.1,3.31,1,6
ACC00414,76.37,100.0,35.97,52.63,23.79,34.04,1,5
ACC01414,15.76,1.28,0.15,52.63,20.93,78.85,0,0
ACC00661,5.88,1.86,0.15,52.63,25.05,0.86,0,1
ACC00981,4.69,2.58,0.14,52.63,15.93,3.31,0,6
ACC00746,4.83,3.95,0.13,52.63,14.68,0.7,0,2
ACC01106,14.44,1.24,0.18,98.25,21.18,0.86,0,1
ACC01090,4.51,3.41,0.13,52.63,14.53,0.86,0,1
ACC00698,3.08,3.4,0.21,52.63,8.33,0.0,0,3
ACC01115,2.72,2.34,0.21,52.63,9.02,0.7,0,2
ACC01498,3.36,2.59,0.17,52.63,9.63,3.31,0,6
ACC01301,4.74,4.26,0.03,52.63,13.48,0.86,0,1
ACC00863,63.74,100.0,9.97,52.63,21.4,0.86,1,1
ACC01680,4.8,3.95,0.16,52.63,14.49,0.7,0,2
ACC01253,6.94,8.0,0.15,52.63,13.66,0.86,0,1
ACC01826,6.87,3.1,0.19,52.63,24.7,3.31,0,6
ACC00614,5.0,1.09,0.14,52.63,23.09,0.7,0,2
ACC00100,7.64,1.96,0.13,52.63,33.62,0.0,0,3
ACC01073,3.59,2.13,0.19,52.63,13.64,0.7,0,2
ACC00015,5.44,2.11,0.23,52.63,22.19,0.86,0,1
ACC01401,4.52,2.43,0.13,52.63,17.27,0.7,0,2
ACC00486,57.95,96.69,0.18,52.63,16.16,0.86,1,1
ACC01137,3.8,1.53,0.17,52.63,16.24,0.7,0,2
ACC01409,3.97,2.97,0.17,52.63,13.1,0.86,0,1
ACC00888,5.44,1.26,0.07,52.63,23.09,3.31,0,6
ACC00467,3.48,2.9,0.31,52.63,11.39,0.0,0,3
ACC00065,4.6,1.73,0.17,52.63,19.48,0.7,0,2
ACC00477,4.15,1.24,0.11,52.63,17.01,3.31,0,6
ACC01266,60.23,100.0,2.83,52.63,15.04,0.0,1,3
ACC00519,4.25,2.49,0.13,52.63,14.12,3.31,0,6
ACC01735,3.96,1.11,0.14,52.63,18.05,0.86,0,1
ACC01048,2.76,1.42,0.14,52.63,11.72,0.7,0,2
ACC00117,5.78,2.34,0.17,52.63,23.88,0.0,0,3
ACC01018,3.02,1.88,0.14,52.63,11.61,0.86,0,1
ACC00308,6.86,7.13,2.32,52.63,12.7,0.86,0,1
ACC01551,7.64,1.7,0.14,52.63,11.62,34.04,0,5
ACC00491,66.16,100.0,28.59,52.63,8.5,0.0,1,3
ACC00930,5.58,2.62,0.14,52.63,22.19,0.0,0,3
ACC01469,77.58,99.99,4.3,96.49,27.85,34.04,1,5
ACC01223,76.01,100.0,61.45,52.63,10.24,0.86,1,1
ACC01418,5.5,1.07,0.13,52.63,25.43,0.86,0,1
ACC01704,5.24,1.79,0.15,52.63,20.64,3.31,0,6
ACC01458,6.02,3.6,0.18,52.63,21.04,0.86,0,1
ACC01235,4.85,1.99,0.21,52.63,20.39,0.0,0,3
ACC00679,4.81,3.45,0.22,52.63,16.28,0.0,0,3
ACC00834,60.65,100.0,2.79,52.63,17.06,0.0,1,3
ACC01779,86.82,100.0,92.37,52.63,18.06,3.31,1,6
ACC00001,60.0,99.98,0.16,52.63,17.09,0.7,1,2
ACC00088,7.12,6.23,0.11,52.63,17.65,3.31,0,6
ACC01977,9.9,2.65,0.11,52.63,19.7,34.04,0,5
ACC00791,7.96,2.32,0.19,52.63,11.41,34.04,0,5
ACC01393,2.73,1.65,0.12,52.63,11.47,0.0,0,3
ACC01233,7.08,2.3,0.23,52.63,7.28,34.04,0,5
ACC00740,66.86,99.61,2.26,52.63,25.2,34.04,1,5
ACC01224,18.66,4.83,0.16,93.57,13.96,34.04,0,5
ACC00035,5.78,1.54,0.18,52.63,25.48,0.7,0,2
ACC01552,6.25,3.93,0.18,52.63,21.78,0.0,0,3
ACC00695,17.58,1.59,0.16,52.63,14.5,100.0,0,8
ACC00566,6.58,8.38,0.2,52.63,10.91,0.86,0,1
ACC00209,65.53,100.0,25.68,52.63,8.95,0.7,1,2
ACC01263,4.82,2.13,0.17,52.63,19.41,0.7,0,2
ACC00222,4.81,6.64,0.21,52.63,7.18,0.86,0,1
ACC00472,4.62,2.6,0.1,52.63,15.63,3.31,0,6
ACC00998,4.28,1.84,0.16,52.63,17.62,0.86,0,1
ACC01399,4.43,1.55,0.12,52.63,19.13,0.86,0,1
ACC00487,20.84,11.3,0.09,52.63,7.28,95.02,0,7
ACC01814,3.64,1.8,0.16,52.63,14.83,0.7,0,2
ACC00552,4.07,2.68,0.17,52.63,12.73,3.31,0,6
ACC00636,3.52,1.29,0.15,52.63,15.5,0.86,0,1
ACC01213,2.9,1.85,0.13,52.63,11.73,0.0,0,3
ACC01280,4.04,1.54,0.09,52.63,17.45,0.7,0,2
ACC01119,3.13,1.33,0.13,52.63,14.17,0.0,0,3
ACC00709,3.69,1.84,0.2,52.63,15.33,0.0,0,3
ACC00481,3.08,1.28,0.18,52.63,11.81,3.31,0,6
ACC00064,4.32,3.63,0.19,52.63,13.1,0.7,0,2
ACC01391,3.16,1.52,0.15,52.63,11.61,3.31,0,6
ACC01406,5.06,3.86,0.17,52.63,14.19,3.31,0,6
ACC00183,60.1,99.99,0.15,52.63,17.46,0.86,1,1
ACC00236,6.87,7.53,0.13,52.63,14.72,0.7,0,2
ACC00786,4.62,1.44,0.17,52.63,20.36,0.7,0,2
ACC00838,3.35,1.32,0.14,52.63,13.01,3.31,0,6
ACC00306,3.88,1.45,0.15,52.63,15.16,3.31,0,6
ACC01376,2.8,2.08,0.2,52.63,10.06,0.7,0,2
ACC00192,3.17,1.32,0.13,52.63,13.85,0.86,0,1
ACC00150,3.5,2.2,0.14,52.63,13.6,0.0,0,3
ACC00811,3.05,2.42,0.08,52.63,10.54,0.7,0,2
ACC01059,2.94,1.21,0.03,52.63,13.28,0.7,0,2
ACC01196,63.89,100.0,10.15,52.63,22.46,0.0,1,3
ACC00886,3.73,3.21,0.18,52.63,11.45,0.7,0,2
ACC01161,5.52,3.64,0.2,52.63,19.11,0.0,0,3
ACC01885,15.23,3.05,0.21,52.63,13.6,78.85,0,0
ACC00197,4.6,1.82,0.15,52.63,19.16,0.86,0,1
ACC00322,10.03,2.95,0.14,52.63,19.48,34.04,0,5
ACC00205,58.08,99.7,0.19,52.63,9.28,0.0,1,3
ACC00759,19.87,5.83,0.14,52.63,13.94,100.0,0,8
ACC01515,4.44,1.37,0.12,52.63,19.75,0.7,0,2
ACC01431,4.16,2.01,0.18,52.63,16.68,0.7,0,2
ACC01707,11.61,2.29,0.17,92.11,11.84,0.0,0,3
ACC01535,5.59,2.78,0.19,52.63,19.55,3.31,0,6
ACC00207,4.35,1.52,0.14,52.63,19.35,0.0,0,3
ACC01471,59.16,100.0,0.21,52.63,13.53,0.0,1,3
ACC00264,6.0,6.52,0.19,52.63,13.14,0.86,0,1
ACC00227,4.47,1.8,0.19,52.63,19.15,0.0,0,3
ACC00775,3.26,1.87,0.17,52.63,11.1,3.31,0,6
ACC01129,74.24,100.0,9.91,52.63,18.7,78.85,1,0
ACC00164,72.47,100.0,6.44,52.63,15.0,78.85,1,0
ACC01443,9.62,13.49,0.2,52.63,11.51,0.86,0,1
ACC00347,13.56,2.36,0.17,96.49,15.84,0.86,0,1
ACC00344,2.32,2.12,0.19,52.63,8.21,0.0,0,3
ACC01219,5.0,3.46,0.16,52.63,15.03,3.31,0,6
ACC00974,3.17,1.34,0.17,52.63,13.83,0.7,0,2
ACC01833,72.35,100.0,13.32,52.63,35.14,34.04,1,5
ACC00555,6.07,4.49,0.16,52.63,17.3,3.31,0,6
ACC01807,73.58,100.0,42.97,52.63,21.89,3.31,1,6
ACC00760,4.68,2.58,0.2,52.63,17.54,0.7,0,2
ACC01942,3.7,3.8,0.2,52.63,10.17,0.0,0,3
ACC00892,5.88,3.02,0.1,52.63,22.01,0.86,0,1
ACC01544,13.66,1.05,0.08,97.17,19.24,0.86,0,1
ACC00106,4.32,1.42,0.16,52.63,19.01,0.7,0,2
ACC01400,63.23,100.0,14.7,52.63,12.69,0.86,1,1
ACC01187,63.04,99.91,3.58,52.63,26.97,0.7,1,2
ACC00520,2.12,0.45,0.26,52.63,11.62,0.0,0,3
ACC00587,13.77,0.34,0.07,99.42,17.79,3.31,0,6
ACC01362,2.95,1.3,0.12,52.63,12.87,0.86,0,1
ACC01874,72.84,100.0,35.22,52.63,30.36,0.86,1,1
ACC01155,5.98,2.03,0.1,52.63,23.53,3.31,0,6
ACC00091,75.21,100.0,18.77,52.63,11.43,78.85,1,0
ACC01086,3.81,1.77,0.29,52.63,15.53,0.7,0,2
ACC00488,70.29,100.0,37.35,52.63,15.59,0.86,1,1
ACC00295,6.29,2.74,0.15,52.63,25.2,0.0,0,3
ACC01300,4.51,2.25,0.12,52.63,18.19,0.0,0,3
ACC01091,66.71,100.0,6.38,52.63,17.99,34.04,1,5
ACC00832,13.89,3.36,0.15,95.69,16.08,0.0,0,3
ACC00547,71.03,100.0,23.11,52.63,15.93,34.04,1,5
ACC00075,8.29,2.44,0.07,52.63,12.81,34.04,0,5
ACC00950,10.52,3.41,0.07,52.63,20.67,34.04,0,5
ACC00852,4.96,1.94,0.17,52.63,18.88,3.31,0,6
ACC00483,14.54,3.12,0.14,52.63,10.3,78.85,0,0
ACC01984,3.29,2.23,0.11,52.63,11.97,0.86,0,1
ACC00360,3.04,1.35,0.13,52.63,13.23,0.7,0,2
ACC01192,3.65,1.86,0.16,52.63,14.71,0.7,0,2
ACC00575,4.85,5.8,0.2,52.63,9.68,0.86,1,1
ACC00184,16.53,1.02,0.16,52.63,25.2,78.85,0,0
ACC01540,4.38,1.41,0.11,52.63,19.37,0.7,0,2
ACC00932,6.37,2.81,0.15,52.63,23.19,3.31,0,6
ACC01121,7.26,8.59,0.2,52.63,11.89,3.31,0,6
ACC01292,8.07,1.78,0.18,52.63,13.36,34.04,0,5
ACC01683,5.5,1.23,0.14,52.63,25.54,0.0,0,3
ACC00476,5.18,1.49,0.18,52.63,23.32,0.0,0,3
ACC01876,4.94,4.14,0.1,52.63,14.72,0.7,0,2
ACC00422,4.53,2.99,0.24,52.63,15.72,0.7,0,2
ACC00915,0.0,1.1,0.2,52.63,0.03,0.0,0,3
ACC00492,3.89,2.21,0.18,52.63,13.1,3.31,0,6
ACC01635,3.83,1.61,0.1,52.63,16.18,0.86,0,1
ACC01720,2.82,1.72,0.14,52.63,11.68,0.0,0,3
ACC00154,5.56,5.0,0.17,52.63,15.26,0.7,0,2
ACC00713,2.78,1.99,0.16,52.63,10.14,0.86,0,1
ACC01754,5.35,2.24,0.19,52.63,21.61,0.7,0,2
ACC01793,3.01,1.95,0.17,52.63,11.36,0.86,0,1
ACC01138,6.39,7.66,0.16,52.63,12.08,0.7,0,2
ACC01681,15.7,1.36,0.17,52.63,9.61,95.02,0,7
ACC01460,4.79,1.82,0.18,52.63,20.57,0.0,0,3
ACC00754,2.28,1.1,0.15,52.63,10.31,0.7,0,2
ACC00569,4.64,2.8,0.19,52.63,16.82,0.7,0,2
ACC01890,8.22,9.66,0.11,52.63,15.36,0.7,0,2
ACC01425,3.96,2.39,0.15,52.63,14.67,0.86,0,1
ACC00201,4.84,2.87,0.15,52.63,18.08,0.0,0,3
ACC00318,6.68,6.02,0.2,52.63,18.25,0.0,0,3
ACC01658,5.83,1.91,0.15,52.63,25.28,0.0,0,3
ACC01725,5.1,1.52,0.2,52.63,20.62,3.31,0,6
ACC00152,100.0,100.0,100.0,52.63,8.51,95.02,1,7
ACC00763,9.67,9.9,0.11,52.63,21.41,0.86,0,1
ACC01590,3.86,2.05,0.14,52.63,15.67,0.0,0,3
ACC01628,3.89,2.11,0.16,52.63,15.16,0.7,0,2
ACC00507,2.56,1.86,0.18,52.63,9.46,0.86,0,1
ACC00404,17.87,2.24,0.11,52.63,17.52,95.02,0,7
ACC00988,5.4,3.83,0.17,52.63,17.55,0.86,0,1
ACC01763,7.72,6.03,0.11,52.63,20.98,3.31,0,6
ACC00043,9.01,11.83,0.14,52.63,13.74,0.0,0,3
ACC00482,80.9,100.0,22.72,52.63,18.7,100.0,1,8
ACC00409,73.43,100.0,37.86,52.63,29.63,0.86,1,1
ACC00070,2.78,0.89,0.19,52.63,13.05,0.86,0,1
ACC00269,2.61,2.28,0.19,52.63,9.12,0.0,0,3
ACC00024,3.05,1.71,0.17,52.63,12.71,0.0,0,3
ACC00977,5.14,1.72,0.17,52.63,20.32,3.31,0,6
ACC01962,3.89,2.07,0.19,52.63,15.13,0.86,0,1
ACC00180,9.7,1.86,0.15,52.63,20.86,34.04,0,5
ACC01081,2.2,1.57,0.19,52.63,8.51,0.86,0,1
ACC01279,8.87,1.56,0.13,52.63,17.79,34.04,1,5
ACC01813,3.94,3.72,0.2,52.63,9.28,3.31,0,6
ACC01955,4.36,1.3,0.14,52.63,20.01,0.0,0,3
ACC00797,5.97,2.96,0.17,52.63,23.08,0.0,0,3
ACC00717,3.32,0.33,0.2,52.63,15.46,3.31,0,6
ACC01951,5.06,2.74,0.12,52.63,19.48,0.0,0,3
ACC01448,4.19,2.62,0.17,52.63,15.66,0.0,0,3
ACC01077,4.48,1.57,0.26,52.63,17.5,3.31,0,6
ACC00474,3.83,1.63,0.17,52.63,14.39,3.31,0,6
ACC00708,16.55,5.65,0.16,52.63,12.27,79.88,0,4
ACC00041,3.96,4.49,0.15,52.63,9.63,0.0,0,3
ACC01063,4.33,1.68,0.18,52.63,16.63,3.31,0,6
ACC00787,65.41,99.99,5.17,52.63,36.2,0.0,1,3
ACC00799,5.63,5.1,0.14,52.63,15.27,0.86,0,1
ACC00716,14.7,1.33,0.12,52.63,15.14,79.88,0,4
ACC00101,3.78,2.62,0.14,52.63,11.57,3.31,0,6
ACC00367,5.94,1.64,0.09,52.63,26.03,0.86,0,1
ACC00653,8.05,1.48,0.06,52.63,14.23,34.04,0,5
ACC01036,3.97,1.63,0.19,52.63,15.03,3.31,0,6
ACC01787,4.34,3.08,0.15,52.63,12.95,3.31,0,6
ACC00681,14.46,1.12,0.21,52.63,15.18,78.85,0,0
ACC00551,5.41,2.13,0.16,52.63,20.48,3.31,0,6
ACC00965,8.41,1.35,0.17,52.63,16.11,34.04,0,5
ACC01946,4.92,1.56,0.12,52.63,21.4,0.86,0,1
ACC00894,5.09,3.67,0.11,52.63,16.61,0.86,0,1
ACC00756,6.68,6.8,0.18,52.63,13.96,3.31,0,6
ACC01657,4.53,1.74,0.2,52.63,19.59,0.0,0,3
ACC01892,5.07,4.12,0.19,52.63,13.55,3.31,0,6
ACC00582,70.34,100.0,37.25,52.63,16.07,0.7,1,2
ACC00079,10.54,4.7,0.16,52.63,17.16,34.04,0,5
ACC01865,4.13,3.2,0.16,52.63,13.38,0.7,0,2
ACC01481,7.96,2.86,0.17,52.63,9.99,34.04,0,5
ACC00256,8.57,8.89,0.31,52.63,18.7,0.86,0,1
ACC01479,9.63,10.53,0.11,52.63,20.14,0.0,0,3
ACC00581,6.31,2.51,0.16,52.63,25.89,0.0,0,3
ACC01466,4.27,2.07,0.12,52.63,17.58,0.0,0,3
ACC01953,4.01,3.24,0.18,52.63,12.67,0.7,0,2
ACC01965,2.3,1.65,0.19,52.63,7.15,3.31,0,6
ACC00345,9.04,1.48,0.14,52.63,18.79,34.04,0,5
ACC00655,3.73,2.65,0.15,52.63,12.99,0.7,0,2
ACC01031,4.03,1.96,0.15,52.63,16.23,0.7,0,2
ACC00480,3.51,0.77,0.16,52.63,17.42,0.0,0,3
ACC01345,7.77,2.63,0.14,52.63,31.97,0.7,0,2
ACC01210,15.5,4.21,0.09,94.74,20.21,3.31,0,6
ACC01676,8.31,11.85,0.05,52.63,9.9,0.86,0,1
ACC00572,14.49,1.21,0.13,52.63,14.47,79.88,0,4
ACC00243,3.52,0.49,0.2,52.63,17.67,0.7,0,2
ACC01067,3.25,1.82,0.18,52.63,12.93,0.7,0,2
ACC01790,4.45,0.91,0.17,52.63,20.96,0.7,0,2
ACC00743,8.76,3.02,0.09,52.63,13.44,34.04,0,5
ACC01003,18.62,2.43,0.02,52.63,17.31,100.0,0,8
ACC01734,3.73,2.69,0.13,52.63,12.87,0.7,0,2
ACC01669,4.11,2.51,0.16,52.63,15.57,0.0,0,3
ACC01934,3.69,2.43,0.2,52.63,13.77,0.0,0,3
ACC01474,3.53,3.26,0.12,52.63,10.33,0.86,0,1
ACC01837,4.91,1.77,0.11,52.63,19.15,3.31,0,6
ACC00835,4.8,4.83,0.18,52.63,10.39,3.31,0,6
ACC00800,6.39,3.86,0.13,52.63,20.47,3.31,0,6
ACC01291,3.04,0.8,0.16,52.63,14.55,0.86,0,1
ACC01576,10.35,15.9,0.2,52.63,6.86,3.31,0,6
ACC00939,5.15,2.28,0.16,52.63,20.63,0.7,0,2
ACC00415,2.88,1.88,0.06,52.63,11.08,0.86,0,1
ACC01954,4.38,1.97,0.14,52.63,18.33,0.0,0,3
ACC00063,5.43,1.9,0.17,52.63,22.81,0.86,0,1
ACC00675,4.42,2.34,0.18,52.63,17.0,0.7,0,2
ACC00777,1.97,0.9,0.07,52.63,9.52,0.7,0,2
ACC00074,4.62,4.13,0.21,52.63,13.14,0.7,0,2
ACC00268,16.21,4.06,0.16,52.63,15.57,78.85,0,0
ACC01201,2.85,1.48,0.19,52.63,11.93,0.7,0,2
ACC00560,3.69,3.33,0.17,52.63,9.23,3.31,0,6
ACC01925,3.93,3.98,0.11,52.63,10.9,0.0,0,3
ACC00902,1.33,1.75,0.18,52.63,4.55,0.0,0,3
ACC00456,1.55,1.61,0.16,52.63,6.0,0.0,0,3
ACC00195,3.76,1.23,0.19,52.63,16.83,0.7,0,2
ACC00812,4.96,2.74,0.14,52.63,18.53,0.7,0,2
ACC01533,3.69,2.97,0.11,52.63,12.44,0.0,0,3
ACC01646,73.32,100.0,1.51,52.63,11.49,100.0,1,8
ACC01319,2.05,0.23,0.26,52.63,9.66,3.31,0,6
ACC01809,4.22,4.42,0.15,52.63,8.82,3.31,0,6
ACC01573,5.42,6.47,0.18,52.63,10.68,0.7,0,2
ACC00989,5.98,4.33,0.17,52.63,19.48,0.0,0,3
ACC00225,3.42,1.96,0.19,52.63,13.77,0.0,0,3
ACC01627,5.09,2.15,0.15,52.63,18.97,3.31,0,6
ACC01417,8.47,1.49,0.07,52.63,16.16,34.04,0,5
ACC01351,9.6,7.68,0.17,52.63,25.31,3.31,0,6
ACC01249,59.25,100.0,0.19,52.63,11.76,3.31,1,6
ACC01130,4.6,4.03,0.18,52.63,13.8,0.0,0,3
ACC00548,15.84,1.18,0.17,52.63,20.82,79.88,0,4
ACC01948,16.72,2.32,0.17,52.63,21.9,79.88,0,4
ACC01771,3.97,2.32,0.12,52.63,15.05,0.7,0,2
ACC00151,4.79,1.87,0.19,52.63,18.25,3.31,0,6
ACC01783,5.54,2.08,0.18,52.63,22.95,0.7,0,2
ACC00725,3.6,2.02,0.21,52.63,13.87,0.86,0,1
ACC01729,3.2,1.77,0.16,52.63,13.27,0.0,0,3
ACC01258,3.34,2.99,0.19,52.63,10.11,0.86,0,1
ACC00933,75.91,100.0,59.5,52.63,12.96,0.0,1,3
ACC00475,67.54,99.9,0.15,87.72,17.45,0.86,1,1
ACC00650,4.61,2.94,0.12,52.63,16.38,0.7,0,2
ACC00738,65.87,99.91,1.82,52.63,20.38,34.04,1,5
ACC01178,2.35,1.93,0.19,52.63,8.87,0.0,0,3
ACC01750,4.27,1.46,0.15,52.63,19.14,0.0,0,3
ACC00420,3.45,1.86,0.14,52.63,13.77,0.7,0,2
ACC00182,3.12,1.11,0.2,52.63,14.15,0.7,0,2
ACC00574,3.55,1.95,0.22,52.63,13.8,0.86,0,1
ACC00341,3.94,1.78,0.18,52.63,16.13,0.86,0,1
ACC00204,3.35,1.99,0.17,52.63,13.4,0.0,0,3
ACC00334,3.62,1.5,0.12,52.63,15.46,0.86,0,1
ACC01355,78.53,100.0,26.24,52.63,17.02,78.85,1,0
ACC01667,3.72,1.79,0.15,52.63,15.11,0.86,0,1
ACC00630,3.77,0.36,0.09,52.63,19.32,0.7,0,2
ACC01932,5.41,3.55,0.1,52.63,18.5,0.7,0,2
ACC00515,5.58,3.65,0.18,52.63,18.83,0.86,0,1
ACC01591,1.73,1.77,0.2,52.63,5.91,0.7,0,2
ACC00637,3.34,3.51,0.22,52.63,7.02,3.31,0,6
ACC00748,4.04,1.09,0.14,52.63,18.6,0.7,0,2
ACC00604,4.64,1.86,0.12,52.63,19.4,0.7,0,2
ACC01812,4.31,1.56,0.06,52.63,19.17,0.0,0,3
ACC00444,7.37,5.56,0.14,52.63,22.17,0.86,0,1
ACC00218,15.36,3.64,0.15,52.63,12.77,78.85,0,0
ACC00705,16.93,1.8,0.13,52.63,10.94,100.0,0,8
ACC00829,4.18,1.39,0.14,52.63,18.91,0.0,0,3
ACC01929,71.91,100.0,41.41,52.63,18.35,0.0,1,3
ACC01348,14.11,1.3,0.07,52.63,13.25,78.85,0,0
ACC01000,88.9,100.0,52.44,52.63,19.91,95.02,1,7
ACC01368,77.05,100.0,10.03,52.63,20.9,95.02,1,7
ACC00237,3.87,0.87,0.08,52.63,16.73,3.31,0,6
ACC01378,74.16,100.0,2.55,52.63,17.37,95.02,1,7
ACC01482,81.27,99.84,18.76,52.63,29.44,95.02,1,7
ACC01918,5.41,5.3,0.15,52.63,13.77,0.7,0,2
ACC00957,58.95,100.0,0.1,52.63,10.49,3.31,1,6
ACC01024,7.7,9.53,0.16,52.63,13.24,0.7,0,2
ACC01960,7.36,5.16,0.1,52.63,23.37,0.7,0,2
ACC00517,4.39,1.63,0.12,52.63,19.29,0.0,0,3
ACC01430,64.89,100.0,18.76,52.63,15.63,0.0,1,3
ACC01602,4.45,3.42,0.17,52.63,14.72,0.0,0,3
ACC00732,4.84,2.35,0.16,52.63,17.24,3.31,0,6
ACC00234,6.19,3.1,0.2,52.63,23.7,0.0,0,3
ACC01991,4.15,1.97,0.18,52.63,16.75,0.7,0,2
ACC00083,11.02,15.76,0.18,52.63,10.42,3.31,0,6
ACC00690,64.4,100.0,8.07,52.63,27.01,0.86,1,1
ACC01365,9.82,8.25,0.16,52.63,27.01,0.0,0,3
ACC00593,67.92,100.0,30.81,52.63,13.78,0.0,1,3
ACC01563,5.43,2.98,0.17,52.63,20.49,0.0,0,3
ACC01543,20.07,3.65,0.1,52.63,24.09,95.02,0,7
ACC01957,6.47,4.67,0.1,52.63,20.49,0.7,0,2
ACC00000,11.71,18.18,0.22,52.63,8.77,0.86,0,1
ACC00324,6.28,3.2,0.15,52.63,21.73,3.31,0,6
ACC01643,3.33,1.2,0.13,52.63,15.47,0.0,0,3
ACC00525,3.99,1.74,0.15,52.63,16.62,0.7,0,2
ACC00561,75.55,100.0,12.56,52.63,21.31,78.85,1,0
ACC01525,2.78,0.55,0.23,52.63,13.91,0.86,0,1
ACC00283,4.35,2.68,0.19,52.63,15.73,0.7,0,2
ACC00991,7.13,5.06,0.15,52.63,22.39,0.86,1,1
ACC00490,3.32,0.82,0.11,52.63,15.89,0.86,0,1
ACC01982,6.21,3.5,0.07,52.63,22.46,0.7,0,2
ACC00937,6.45,4.52,0.34,52.63,20.49,0.7,0,2
ACC01913,3.4,1.45,0.18,52.63,15.09,0.0,0,3
ACC01819,2.37,1.52,0.12,52.63,7.94,3.31,0,6
ACC00612,60.97,99.94,0.14,52.63,21.79,0.7,1,2
ACC00376,3.74,2.05,0.17,52.63,14.52,0.86,0,1
ACC00358,2.61,1.0,0.16,52.63,12.02,0.86,0,1
ACC00458,5.81,2.25,0.14,52.63,23.82,0.7,0,2
ACC01644,3.88,1.53,0.15,52.63,14.94,3.31,0,6
ACC01034,2.77,1.34,0.2,52.63,11.91,0.7,0,2
ACC00055,14.55,1.64,0.16,96.49,22.98,0.0,0,3
ACC00736,3.08,1.86,0.1,52.63,12.56,0.0,0,3
ACC01923,2.82,2.29,0.17,52.63,9.57,0.86,0,1
ACC00771,14.1,1.86,0.2,96.49,18.03,3.31,0,6
ACC01232,8.54,10.35,0.16,52.63,15.46,0.0,0,3
ACC00820,2.06,1.5,0.15,52.63,8.67,0.0,0,3
ACC00874,2.67,1.92,0.19,52.63,8.14,3.31,0,6
ACC01146,4.7,4.17,0.13,52.63,13.49,0.7,0,2
ACC01553,1.91,1.39,0.16,52.63,7.69,0.86,0,1
ACC01057,14.97,2.05,0.1,98.25,22.15,0.0,0,3
ACC00677,2.48,1.54,0.13,52.63,10.0,0.86,0,1
ACC00769,65.62,100.0,17.98,52.63,19.54,0.86,1,1
ACC01272,89.16,100.0,66.12,52.63,13.68,78.85,1,0
ACC00265,80.75,100.0,39.11,52.63,10.25,78.85,1,0
ACC01501,3.8,2.5,0.16,52.63,14.14,0.0,0,3
ACC01677,64.24,99.92,20.24,52.63,10.34,0.7,1,2
ACC01700,73.34,100.0,8.02,52.63,17.02,78.85,1,0
ACC01971,3.86,1.76,0.26,52.63,15.81,0.7,0,2
ACC01736,3.75,4.05,0.18,52.63,9.78,0.0,0,3
ACC00846,4.49,1.62,0.14,52.63,17.54,3.31,0,6
ACC01575,3.35,1.63,0.12,52.63,14.41,0.0,0,3
ACC00280,4.4,1.89,0.18,52.63,18.57,0.0,0,3
ACC01432,10.47,12.94,0.16,52.63,17.11,0.7,0,2
ACC01111,3.19,1.51,0.16,52.63,13.37,0.86,0,1
ACC01580,5.22,4.83,0.17,52.63,14.57,0.0,0,3
ACC00050,4.43,1.34,0.11,52.63,18.05,3.31,0,6
ACC01864,10.03,5.17,0.11,52.63,13.62,34.04,0,5
ACC01600,3.58,0.0,0.3,52.63,17.41,3.31,0,6
ACC01847,4.87,2.69,0.17,52.63,18.08,0.86,0,1
ACC00263,1.93,0.19,0.23,52.63,10.87,0.86,0,1
ACC00949,4.97,4.2,0.19,52.63,14.5,0.86,0,1
ACC00090,2.7,2.04,0.11,52.63,9.74,0.86,0,1
ACC01784,13.81,1.06,0.15,98.25,18.75,0.86,0,1
ACC00964,17.17,1.71,0.15,52.63,12.25,100.0,0,8
ACC01189,11.59,1.23,0.12,93.57,12.61,0.86,0,1
ACC01112,3.42,1.07,0.13,52.63,16.24,0.0,0,3
ACC01959,5.39,4.23,0.17,52.63,16.98,0.0,0,3
ACC01614,3.28,1.96,0.1,52.63,12.67,0.86,0,1
ACC01339,3.36,1.61,0.18,52.63,13.96,0.7,0,2
ACC00909,7.64,5.35,0.18,52.63,23.96,0.86,0,1
ACC01357,4.65,2.99,0.18,52.63,16.83,0.0,0,3
ACC00589,72.92,100.0,0.25,52.63,14.63,95.02,1,7
ACC01255,13.94,1.6,0.18,98.25,17.84,0.86,0,1
ACC01886,4.64,2.26,0.07,52.63,16.64,3.31,0,6
ACC01411,2.59,1.23,0.09,52.63,11.38,0.86,0,1
ACC00427,14.87,2.28,0.08,52.63,14.15,78.85,0,0
ACC00980,4.96,0.96,0.18,52.63,23.65,0.0,0,3
ACC00231,3.91,1.93,0.16,52.63,15.72,0.7,0,2
ACC01239,4.08,1.8,0.1,52.63,15.21,3.31,0,6
ACC01437,3.18,0.24,0.16,52.63,16.73,0.86,0,1
ACC01313,3.23,1.34,0.19,52.63,14.51,0.0,0,3
ACC01398,5.17,4.08,0.19,52.63,15.88,0.7,0,2
ACC00607,8.78,3.47,0.09,52.63,12.33,34.04,0,5
ACC00393,15.22,26.67,0.19,52.63,2.63,0.86,0,1
ACC01888,5.46,3.01,0.15,52.63,18.4,3.31,0,6
ACC00288,3.02,1.0,0.14,52.63,14.51,0.0,0,3
ACC00470,4.02,1.44,0.04,52.63,15.97,3.31,0,6
ACC00755,4.79,3.39,0.18,52.63,15.82,0.86,0,1
ACC00423,4.28,1.93,0.19,52.63,15.71,3.31,0,6
ACC01312,79.72,99.78,23.72,52.63,15.76,95.02,1,7
ACC01453,4.6,2.91,0.1,52.63,14.71,3.31,0,6
ACC00281,4.33,1.12,0.11,52.63,19.82,0.86,0,1
ACC01947,3.96,2.13,0.13,52.63,13.76,3.31,0,6
ACC00337,5.01,2.72,0.18,52.63,17.03,3.31,0,6
ACC01154,4.37,4.1,0.18,52.63,11.96,0.86,0,1
ACC01624,6.8,5.42,0.17,52.63,19.85,0.86,0,1
ACC00115,9.13,4.03,0.21,52.63,12.3,34.04,0,5
ACC01755,4.24,2.54,0.15,52.63,16.12,0.0,0,3
ACC01358,6.65,2.87,0.12,52.63,24.35,3.31,0,6
ACC01717,6.33,7.99,0.18,52.63,9.18,3.31,0,6
ACC01549,2.99,1.64,0.16,52.63,10.45,3.31,0,6
ACC01745,5.62,1.85,0.16,52.63,23.87,0.86,0,1
ACC00402,3.01,1.64,0.17,52.63,12.74,0.0,0,3
ACC00190,6.35,3.31,0.12,52.63,21.82,3.31,0,6
ACC00097,57.37,100.0,0.19,52.63,4.6,0.86,1,1
ACC01782,5.93,3.74,0.19,52.63,18.6,3.31,0,6
ACC01405,4.3,1.44,0.14,52.63,18.87,0.7,0,2
ACC01267,5.88,3.29,0.2,52.63,21.17,0.86,0,1
ACC00177,1.9,1.43,0.15,52.63,5.93,3.31,0,6
ACC00221,3.72,2.14,0.18,52.63,14.25,0.7,0,2
ACC00553,4.64,1.33,0.14,52.63,21.22,0.0,0,3
ACC01190,22.92,17.02,0.16,52.63,11.77,79.88,0,4
ACC00059,5.54,3.07,0.18,52.63,20.77,0.0,0,3
ACC01446,9.89,9.73,0.18,52.63,22.84,0.86,0,1
ACC01656,9.32,4.09,0.13,52.63,13.14,34.04,0,5
ACC00540,3.42,1.56,0.16,52.63,12.69,3.31,0,6
ACC01510,1.72,1.03,0.11,52.63,8.4,0.0,0,3
ACC01021,4.16,1.19,0.15,52.63,17.15,3.31,0,6
ACC00253,5.0,5.07,0.15,52.63,12.34,0.86,0,1
ACC01945,3.29,1.79,0.14,52.63,13.22,0.7,0,2
ACC01158,5.26,1.58,0.16,52.63,23.45,0.0,0,3
ACC00497,2.96,2.2,0.13,52.63,11.03,0.0,0,3
ACC00724,3.68,1.05,0.17,52.63,15.24,3.31,0,6
ACC01741,4.41,2.64,0.19,52.63,14.42,3.31,0,6
ACC00114,4.71,1.8,0.19,52.63,19.8,0.7,0,2
ACC01731,3.2,2.56,0.16,52.63,8.97,3.31,0,6
ACC01613,4.24,2.24,0.19,52.63,16.29,0.86,0,1
ACC01329,6.59,6.8,0.12,52.63,15.36,0.7,0,2
ACC01465,4.75,3.21,0.16,52.63,16.75,0.0,0,3
ACC00468,46.38,100.0,0.18,0.0,4.11,3.31,1,6
ACC01642,4.51,2.61,0.17,52.63,17.2,0.0,0,3
ACC00730,4.84,2.11,0.05,52.63,20.24,0.0,0,3
ACC01062,8.13,1.39,0.16,52.63,14.69,34.04,0,5
ACC01500,10.02,6.04,0.16,52.63,11.18,34.04,0,5
ACC00166,2.94,2.26,0.16,52.63,8.58,3.31,0,6
ACC01367,1.45,1.22,0.15,52.63,6.58,0.0,0,3
ACC00440,75.81,100.0,12.5,52.63,11.82,95.02,1,7
ACC01159,3.71,1.81,0.19,52.63,13.35,3.31,0,6
ACC00651,9.11,3.69,0.17,52.63,13.18,34.04,0,5
ACC01862,9.71,11.44,0.18,52.63,17.54,0.7,0,2
ACC00316,3.59,1.72,0.17,52.63,13.06,3.31,0,6
ACC00302,4.45,1.59,0.16,52.63,17.42,3.31,0,6
ACC00389,2.78,0.86,0.76,52.63,12.47,0.7,0,2
ACC00498,4.84,2.39,0.09,52.63,18.99,0.7,0,2
ACC01867,3.62,1.89,0.18,52.63,14.92,0.0,0,3
ACC00890,6.91,6.61,0.15,52.63,17.78,0.0,0,3
ACC01387,3.4,2.85,0.2,52.63,10.71,0.86,0,1
ACC00954,4.08,2.11,0.15,52.63,15.94,0.86,0,1
ACC00505,3.91,2.34,0.22,52.63,15.04,0.0,0,3
ACC01532,4.09,3.88,0.16,52.63,11.83,0.0,0,3
ACC01682,4.72,2.18,0.17,52.63,19.3,0.0,0,3
ACC00645,4.31,1.97,0.13,52.63,17.99,0.0,0,3
ACC01251,62.61,100.0,5.74,52.63,20.13,3.31,1,6
ACC01241,10.86,15.82,0.18,52.63,11.1,0.86,0,1
ACC00623,78.72,100.0,30.38,52.63,12.37,78.85,1,0
ACC00503,85.74,100.0,51.98,52.63,16.5,78.85,1,0
ACC01012,14.18,4.64,0.14,94.74,15.01,0.0,0,3
ACC01615,3.85,3.03,0.21,52.63,12.45,0.7,0,2
ACC00284,2.77,0.67,0.18,52.63,13.73,0.7,0,2
ACC01065,2.51,1.53,0.12,52.63,10.77,0.0,0,3
ACC01921,16.4,24.78,0.17,52.63,11.55,3.31,0,6
ACC00134,2.78,2.32,0.16,52.63,9.86,0.0,0,3
ACC00712,7.55,6.3,0.18,52.63,21.13,0.7,0,2
ACC01912,69.43,100.0,31.07,52.63,20.52,0.0,1,3
ACC01415,4.82,1.72,0.14,52.63,21.05,0.0,0,3
ACC00609,7.55,4.12,0.2,52.63,25.12,3.31,0,6
ACC00535,59.19,100.0,0.11,52.63,13.82,0.0,1,3
ACC01061,14.68,2.26,0.19,52.63,12.48,79.88,0,4
ACC00643,3.48,2.48,0.16,52.63,12.26,0.7,0,2
ACC00428,4.53,1.72,0.05,52.63,19.8,0.0,0,3
ACC00185,9.21,9.89,0.13,52.63,19.38,0.7,0,2
ACC00435,6.61,1.26,0.16,52.63,7.93,34.04,0,5
ACC00518,4.99,1.87,0.16,52.63,20.96,0.7,0,2
ACC01606,6.02,5.2,0.12,52.63,16.84,0.86,0,1
ACC00141,4.36,1.5,0.18,52.63,17.21,3.31,0,6
ACC00346,4.33,1.0,0.19,52.63,18.4,3.31,0,6
ACC00918,24.31,40.67,0.21,52.63,8.41,0.0,0,3
ACC01383,2.15,3.13,0.19,52.63,2.53,3.31,0,6
ACC01702,17.53,4.69,0.13,52.63,19.45,79.88,0,4
ACC00242,5.23,1.22,0.12,52.63,24.31,0.0,0,3
ACC00485,3.38,1.06,0.15,52.63,13.84,3.31,0,6
ACC01202,5.13,1.54,0.14,52.63,22.41,0.86,0,1
ACC00148,16.78,2.05,0.19,52.63,9.46,100.0,0,8
ACC00445,5.16,3.73,0.19,52.63,17.23,0.0,0,3
ACC00138,6.05,2.27,0.16,52.63,24.76,0.86,0,1
ACC01455,5.07,4.12,0.16,52.63,15.81,0.0,0,3
ACC00613,4.21,2.5,0.17,52.63,16.06,0.0,0,3
ACC01964,8.29,9.18,0.2,52.63,17.32,0.0,0,3
ACC00862,3.78,0.64,0.12,52.63,18.62,0.7,0,2
ACC01674,65.56,100.0,3.82,52.63,16.03,34.04,1,5
ACC01714,4.83,2.88,0.14,52.63,15.77,3.31,0,6
ACC01626,2.8,1.77,0.11,52.63,11.01,0.7,0,2
ACC01943,6.03,4.99,0.19,52.63,17.44,0.7,0,2
ACC00413,5.09,2.04,0.1,52.63,20.94,0.86,1,1
ACC01072,3.92,2.93,0.19,52.63,13.04,0.7,0,2
ACC01085,6.21,3.82,0.19,52.63,21.4,0.7,0,2
ACC01307,9.82,11.78,0.07,52.63,17.26,0.7,1,2
ACC01825,3.58,1.98,0.16,52.63,14.49,0.0,0,3
ACC01670,73.29,100.0,31.97,52.63,14.69,34.04,1,5
ACC01818,3.71,1.42,0.12,52.63,14.47,3.31,0,6
ACC01275,2.64,1.85,0.19,52.63,10.45,0.0,0,3
ACC00405,4.15,2.37,0.2,52.63,16.07,0.0,0,3
ACC01671,3.75,1.84,0.16,52.63,13.48,3.31,0,6
ACC00757,11.55,6.45,0.18,52.63,39.33,0.86,0,1
ACC01006,4.41,1.47,0.19,52.63,19.25,0.7,0,2
ACC01998,2.4,2.91,0.17,52.63,6.5,0.0,0,3
ACC01438,4.42,3.72,0.16,52.63,13.25,0.86,0,1
ACC01727,4.65,3.53,0.18,52.63,15.38,0.0,0,3
ACC00129,4.95,1.24,0.13,52.63,20.75,3.31,0,6
ACC00789,4.99,1.89,0.2,52.63,19.09,3.31,0,6
ACC01231,4.14,2.73,0.18,52.63,12.92,3.31,0,6
ACC01701,4.46,3.97,0.19,52.63,13.27,0.0,0,3
ACC01298,74.58,100.0,6.97,52.63,23.49,79.88,1,4
ACC01022,5.94,3.19,0.13,52.63,21.92,0.7,0,2
ACC00702,6.09,4.46,0.14,52.63,19.69,0.0,0,3
ACC01439,4.16,1.87,0.13,52.63,17.57,0.0,0,3
ACC00861,7.72,7.81,0.21,52.63,17.82,0.7,0,2
ACC01491,68.24,100.0,24.67,52.63,22.91,0.86,1,1
ACC01007,4.49,1.01,0.17,52.63,21.37,0.0,0,3
ACC00858,3.48,1.63,0.18,52.63,14.95,0.0,0,3
ACC00790,2.93,0.59,0.25,52.63,14.58,0.7,0,2
ACC00611,17.21,2.85,0.19,52.63,12.7,95.02,0,7
ACC01565,4.32,1.65,0.19,52.63,16.61,3.31,0,6
ACC00968,69.55,100.0,42.71,52.63,3.34,3.31,1,6
ACC01191,2.8,2.23,0.22,52.63,9.64,0.7,0,2
ACC00528,14.26,1.65,0.13,94.74,21.15,3.31,0,6
ACC00735,3.99,3.37,0.15,52.63,12.29,0.7,0,2
ACC00175,62.44,100.0,5.45,52.63,21.92,0.0,1,3
ACC01765,24.77,40.45,0.17,52.63,9.0,3.31,0,6
ACC01109,4.53,2.18,0.16,52.63,17.99,0.7,0,2
ACC01760,4.83,3.72,0.19,52.63,15.24,0.7,0,2
ACC01014,5.08,3.02,0.18,52.63,18.15,0.86,0,1
ACC00541,60.67,100.0,4.2,52.63,14.69,0.86,1,1
ACC01903,3.62,3.58,0.1,52.63,9.98,0.86,0,1
ACC01853,4.77,2.35,0.18,52.63,19.1,0.0,0,3
ACC00238,2.32,1.27,0.17,52.63,9.92,0.86,0,1
ACC00508,71.26,98.67,0.17,52.63,20.54,79.88,1,4
ACC00310,5.75,5.95,0.14,52.63,11.94,3.31,0,6
ACC01476,3.95,1.9,0.13,52.63,16.54,0.0,0,3
ACC00936,16.2,0.29,0.24,52.63,14.73,95.02,0,7
ACC01722,9.94,6.92,0.21,52.63,30.52,0.86,1,1
ACC00761,64.69,100.0,20.35,0.0,12.63,78.85,1,0
ACC01587,3.81,2.4,0.14,52.63,13.94,0.86,0,1
ACC01314,3.33,2.61,0.19,52.63,9.42,3.31,0,6
ACC00996,14.35,1.48,0.11,98.68,18.16,3.31,0,6
ACC01197,2.25,1.12,0.2,52.63,10.08,0.7,0,2
ACC01685,6.52,5.1,0.52,52.63,19.51,0.0,0,3
ACC01992,52.56,100.0,8.23,0.0,24.54,0.0,1,3
ACC00542,3.6,0.92,0.13,52.63,15.26,3.31,0,6
ACC01863,21.06,4.39,0.16,52.63,26.68,95.02,0,7
ACC00372,4.96,3.35,0.21,52.63,17.25,0.0,0,3
ACC01620,4.65,3.13,0.11,52.63,16.52,0.0,0,3
ACC00670,5.79,3.96,0.2,52.63,18.98,0.86,0,1
ACC00859,18.67,1.69,0.16,52.63,19.33,100.0,0,8
ACC01939,47.53,56.11,7.32,52.63,13.98,78.85,1,0
ACC01505,5.26,2.09,0.19,52.63,19.86,3.31,0,6
ACC00900,60.27,100.0,0.12,52.63,18.27,0.86,1,1
ACC01277,13.41,10.14,0.17,52.63,16.14,34.04,0,5
ACC00784,60.33,99.96,0.12,52.63,18.66,0.86,1,1
ACC01441,3.05,1.32,0.16,52.63,11.59,3.31,0,6
ACC00975,4.39,3.63,0.17,52.63,11.7,3.31,0,6
ACC00260,5.94,2.93,0.14,52.63,20.87,3.31,0,6
ACC00398,6.41,7.11,0.13,52.63,13.69,0.7,0,2
ACC01935,11.15,15.41,0.18,52.63,14.15,0.0,0,3
ACC00169,3.9,2.85,0.13,52.63,13.26,0.7,0,2
ACC00706,82.7,100.0,41.12,52.63,16.03,79.88,1,4
ACC01225,65.22,100.0,7.67,52.63,31.52,0.7,1,2
ACC01846,3.41,2.42,0.17,52.63,12.54,0.0,0,3
ACC01416,3.12,2.51,0.18,52.63,10.47,0.7,0,2
ACC01488,10.08,10.35,0.25,52.63,22.1,0.7,0,2
ACC00261,19.68,31.16,0.07,52.63,11.69,0.86,0,1
ACC01108,4.26,0.95,0.14,52.63,19.89,0.86,0,1
ACC00036,7.04,7.31,0.19,52.63,14.27,3.31,0,6
ACC00943,5.9,2.77,0.15,52.63,22.83,0.7,0,2
ACC01082,8.42,9.43,0.18,52.63,16.75,0.86,0,1
ACC01610,7.66,2.32,0.17,52.63,10.03,34.04,0,5
ACC01545,8.55,0.59,0.12,52.63,18.89,34.04,0,5
ACC01693,13.47,0.98,0.21,52.63,10.91,78.85,0,0
ACC00092,3.73,1.77,0.1,52.63,15.26,0.86,0,1
ACC00971,59.59,100.0,0.16,52.63,13.38,3.31,1,6
ACC01293,4.08,2.13,0.13,52.63,16.52,0.0,0,3
ACC01175,3.42,1.5,0.08,52.63,15.14,0.0,0,3
ACC00364,5.21,6.31,0.19,52.63,10.1,0.7,0,2
ACC00622,2.27,1.78,0.09,52.63,8.52,0.7,0,2
ACC00489,4.87,3.01,0.15,52.63,17.83,0.0,0,3
ACC00683,3.92,2.33,0.15,52.63,14.59,0.86,0,1
ACC01004,80.39,100.0,71.04,52.63,18.58,0.0,1,3
ACC01334,3.4,1.28,0.15,52.63,13.34,3.31,0,6
ACC00133,10.92,17.49,0.16,52.63,6.95,0.86,0,1
ACC00659,1.99,1.13,0.14,52.63,9.36,0.0,0,3
ACC00805,4.72,2.23,0.19,52.63,16.95,3.31,0,6
ACC00217,4.03,2.1,0.19,52.63,14.07,3.31,0,6
ACC01494,4.0,1.91,0.17,52.63,16.19,0.7,0,2
ACC01618,12.86,1.73,0.17,96.49,14.25,0.86,0,1
ACC01287,3.91,1.68,0.18,52.63,16.37,0.7,0,2
ACC00595,2.53,1.94,0.18,52.63,9.7,0.0,0,3
ACC01730,59.5,99.99,0.18,52.63,15.2,0.0,1,3
ACC01663,4.26,3.23,0.11,52.63,14.45,0.0,0,3
ACC01092,2.21,1.96,0.15,52.63,7.57,0.86,0,1
ACC00081,1.97,1.52,0.21,52.63,8.15,0.0,0,3
ACC01842,17.3,1.41,0.11,52.63,13.74,100.0,0,8
ACC01066,2.36,1.27,0.09,52.63,8.58,3.31,0,6
ACC00290,16.8,1.6,0.11,52.63,10.87,100.0,0,8
ACC01728,58.84,100.0,0.14,52.63,12.13,0.0,1,3
ACC01647,6.64,6.49,0.21,52.63,14.56,3.31,0,6
ACC00921,5.74,5.42,0.14,52.63,13.27,3.31,0,6
ACC01238,2.17,2.31,0.2,52.63,6.42,0.86,0,1
ACC00396,17.11,4.61,0.19,52.63,17.61,79.88,0,4
ACC01478,4.86,4.28,0.16,52.63,14.39,0.0,0,3
ACC01354,3.68,1.7,0.14,52.63,15.29,0.7,0,2
ACC00329,36.29,52.3,0.18,52.63,10.9,34.04,0,5
ACC00471,5.47,2.51,0.14,52.63,21.54,0.7,0,2
ACC01909,6.51,7.19,0.18,52.63,14.31,0.0,0,3
ACC01250,21.01,6.1,0.17,52.63,18.53,100.0,0,8
ACC01899,2.75,1.81,0.16,52.63,11.09,0.0,0,3
ACC01539,6.72,7.83,0.12,52.63,13.65,0.0,0,3
ACC01419,4.57,4.65,0.18,52.63,11.52,0.7,0,2
ACC01125,16.06,1.67,0.12,52.63,7.21,100.0,0,8
ACC00163,62.24,99.99,2.61,52.63,22.6,3.31,1,6
ACC01257,2.48,1.8,0.11,52.63,9.48,0.7,0,2
ACC01972,2.21,1.42,0.16,52.63,7.4,3.31,0,6
ACC00514,4.57,3.44,0.2,52.63,14.63,0.86,0,1
ACC00187,3.07,1.4,0.14,52.63,13.23,0.7,0,2
ACC01675,3.12,0.9,0.15,52.63,13.03,3.31,0,6
ACC00986,4.22,1.89,0.2,52.63,15.51,3.31,0,6
ACC01173,3.57,3.65,0.1,52.63,9.54,0.86,0,1
ACC00039,2.09,1.37,0.14,52.63,9.2,0.0,0,3
ACC00549,61.11,100.0,1.23,52.63,20.83,0.7,1,2
ACC01302,7.72,7.54,0.17,52.63,16.85,3.31,0,6
ACC00580,4.79,1.38,0.15,52.63,21.23,0.86,0,1
ACC01868,68.75,100.0,0.15,52.63,5.97,78.85,1,0
ACC01542,5.3,3.84,0.2,52.63,17.08,0.7,0,2
ACC01167,4.5,1.77,0.19,52.63,17.16,3.31,0,6
ACC01203,58.51,100.0,0.13,52.63,10.09,0.7,1,2
ACC01821,4.85,3.59,0.18,52.63,15.67,0.7,0,2
ACC01858,4.08,5.42,0.14,52.63,7.22,0.7,0,2
ACC01589,16.97,4.68,0.07,52.63,16.94,79.88,0,4
ACC01088,75.75,100.0,53.7,52.63,17.76,3.31,1,6
ACC01102,3.78,1.28,0.17,52.63,16.84,0.7,0,2
ACC00155,61.65,100.0,7.39,52.63,15.05,0.86,1,1
ACC00338,3.55,1.64,0.15,52.63,13.1,3.31,0,6
ACC00325,4.05,1.03,0.08,52.63,18.89,0.7,0,2
ACC00620,3.41,2.39,0.08,52.63,12.27,0.7,0,2
ACC01033,61.86,99.98,4.72,52.63,19.74,0.7,1,2
ACC00126,3.26,2.06,0.18,52.63,12.2,0.86,0,1
ACC00113,2.52,1.81,0.23,52.63,7.71,3.31,0,6
ACC00366,2.09,2.1,0.21,52.63,6.69,0.7,0,2
ACC00086,18.33,2.75,0.15,52.63,14.9,100.0,0,8
ACC01495,4.6,3.89,0.13,52.63,13.79,0.7,0,2
ACC00792,5.43,4.3,0.06,52.63,14.95,3.31,0,6
ACC01371,2.91,2.27,0.15,52.63,10.59,0.0,0,3
ACC00299,3.27,1.14,0.11,52.63,14.88,0.7,0,2
ACC00516,4.63,1.95,0.19,52.63,18.91,0.86,0,1
ACC01407,5.42,6.54,0.18,52.63,8.77,3.31,0,6
ACC00385,3.38,2.21,0.18,52.63,12.39,0.86,0,1
ACC01380,6.53,7.32,0.17,52.63,14.08,0.0,0,3
ACC00394,6.05,2.56,0.14,52.63,24.12,0.7,0,2
ACC00439,4.08,1.35,0.16,52.63,16.33,3.31,0,6
ACC01902,13.19,2.3,0.16,97.17,14.15,0.0,0,3
ACC01098,3.71,3.15,0.14,52.63,12.01,0.0,0,3
ACC01468,7.34,9.43,0.15,52.63,11.72,0.86,0,1
ACC00031,9.22,13.18,0.19,52.63,11.05,0.0,0,3
ACC01687,5.77,3.56,0.19,52.63,20.06,0.7,0,2
ACC00768,2.38,0.73,0.2,52.63,12.17,0.0,0,3
ACC01850,4.2,5.38,0.11,52.63,8.46,0.0,0,3
ACC00536,3.56,1.0,0.17,52.63,16.53,0.7,0,2
ACC00047,15.5,2.48,0.06,98.68,22.55,0.86,0,1
ACC00102,61.28,99.99,2.44,52.63,20.02,0.7,1,2
ACC00461,74.41,100.0,7.9,52.63,8.06,100.0,1,8
ACC00969,87.57,100.0,62.25,52.63,11.38,78.85,1,0
ACC00689,3.7,2.46,0.13,52.63,13.25,0.86,0,1
ACC01472,77.63,100.0,15.24,52.63,16.7,95.02,1,7
ACC00606,8.11,3.21,0.17,52.63,9.75,34.04,0,5
ACC01396,65.47,100.0,14.29,0.0,13.58,95.02,1,7
ACC01044,60.97,100.0,4.52,52.63,15.78,0.7,1,2
ACC01654,2.47,1.29,0.17,52.63,10.66,0.7,0,2
ACC00121,59.46,100.0,0.2,52.63,14.92,0.0,1,3
ACC00362,3.9,2.37,0.14,52.63,14.45,0.86,0,1
ACC01045,4.14,1.77,1.24,52.63,15.78,0.7,0,2
ACC00419,6.14,4.1,0.19,52.63,20.84,0.0,1,3
ACC00282,1.84,0.49,0.2,52.63,10.27,0.0,0,3
ACC01283,5.97,1.3,0.13,52.63,27.56,0.0,0,3
ACC01075,7.19,1.33,0.18,52.63,10.42,34.04,0,5
ACC00983,4.8,1.95,0.13,52.63,19.87,0.7,0,2
ACC01440,3.16,3.98,0.1,52.63,6.72,0.86,0,1
ACC00202,5.11,2.3,0.1,52.63,20.91,0.0,0,3
ACC01829,2.39,1.88,0.08,52.63,9.31,0.0,0,3
ACC01827,68.81,99.99,35.46,52.63,11.32,0.7,1,2
ACC01042,6.15,5.07,0.15,52.63,18.33,0.0,0,3
ACC00509,5.03,5.24,0.15,52.63,10.45,3.31,0,6
ACC01069,3.72,2.93,0.19,52.63,12.06,0.86,0,1
ACC01581,67.44,100.0,24.1,52.63,20.45,0.0,1,3
ACC00545,4.0,3.52,0.17,52.63,11.83,0.86,0,1
ACC01282,63.94,100.0,0.17,52.63,13.3,34.04,1,5
ACC00795,72.15,99.99,9.46,52.63,8.81,79.88,1,4
ACC01349,4.4,1.53,0.13,52.63,19.12,0.7,0,2
ACC00628,3.22,1.45,0.19,52.63,13.72,0.7,0,2
ACC00287,4.33,2.26,0.14,52.63,16.76,0.86,0,1
ACC01143,18.46,2.17,0.13,52.63,17.11,100.0,0,8
ACC01382,5.05,1.97,0.18,52.63,20.87,0.86,0,1
ACC00801,29.26,27.32,0.2,52.63,14.66,78.85,1,0
ACC00920,4.91,2.79,0.1,52.63,18.69,0.0,0,3
ACC01513,8.11,12.94,0.3,52.63,5.77,0.86,0,1
ACC01686,1.63,2.22,0.16,52.63,4.18,0.86,0,1
ACC00590,78.09,100.0,53.53,52.63,8.44,34.04,1,5
ACC01845,2.3,2.25,0.22,52.63,7.27,0.7,0,2
ACC01133,3.37,2.47,0.15,52.63,11.69,0.86,0,1
ACC01607,4.18,2.82,0.2,52.63,14.59,0.7,0,2
ACC01963,5.1,5.3,0.19,52.63,10.53,3.31,0,6
ACC00049,3.66,1.33,0.12,52.63,16.69,0.0,0,3
ACC01352,5.82,3.89,0.11,52.63,19.98,0.0,0,3
ACC01030,4.81,2.11,0.23,52.63,19.25,0.86,0,1
ACC00442,2.68,2.17,0.17,52.63,7.58,3.31,0,6
ACC00387,58.8,100.0,0.14,52.63,11.46,0.7,1,2
ACC01978,1.88,2.27,0.15,52.63,5.21,0.86,0,1
ACC01363,10.92,4.36,0.18,52.63,41.93,0.86,0,1
ACC01010,1.64,1.54,0.21,52.63,6.54,0.0,0,3
ACC00504,78.18,100.0,39.3,52.63,27.84,34.04,1,5
ACC01637,5.94,4.21,0.12,52.63,17.49,3.31,0,6
ACC01101,4.58,1.97,0.15,52.63,17.01,3.31,0,6
ACC00817,3.82,3.69,0.17,52.63,8.83,3.31,0,6
ACC01209,64.64,100.0,22.75,52.63,8.69,0.7,1,2
ACC00233,3.58,2.83,0.13,52.63,12.31,0.0,0,3
ACC01144,14.68,0.97,0.14,52.63,5.9,95.02,0,7
ACC01817,2.82,1.79,0.17,52.63,10.9,0.86,0,1
ACC01116,69.42,100.0,27.73,52.63,24.43,0.7,1,2
ACC00002,19.09,4.14,0.11,52.63,14.84,100.0,0,8
ACC00583,3.69,2.33,0.15,52.63,14.12,0.0,0,3
ACC00046,2.9,0.94,0.06,52.63,13.66,0.86,0,1
ACC00226,1.37,0.39,0.18,52.63,8.37,0.0,0,3
ACC01609,1.5,1.17,0.19,52.63,6.87,0.0,0,3
ACC01207,59.93,100.0,6.15,52.63,9.22,0.0,1,3
ACC00073,60.31,100.0,2.27,52.63,13.95,3.31,1,6
ACC01496,9.81,4.96,0.17,52.63,13.03,34.04,0,5
ACC00160,3.39,2.65,0.18,52.63,11.32,0.7,0,2
ACC01149,5.22,4.71,0.13,52.63,14.51,0.7,0,2
ACC01536,2.53,1.35,0.19,52.63,11.21,0.0,0,3
ACC00118,1.52,1.07,0.1,52.63,6.8,0.86,0,1
ACC00215,75.59,100.0,23.4,52.63,6.35,79.88,1,4
ACC00533,65.96,100.0,6.77,0.0,25.92,95.02,1,7
ACC00142,63.75,99.98,18.27,52.63,10.99,0.0,1,3
ACC01778,7.78,1.45,0.15,52.63,12.94,34.04,0,5
ACC01974,18.6,28.04,0.16,52.63,14.96,0.7,1,2
ACC01689,15.02,24.18,0.18,52.63,8.32,0.86,0,1
ACC01800,4.24,4.28,0.17,52.63,11.49,0.0,0,3
ACC00135,16.19,6.84,0.17,52.63,7.37,79.88,0,4
ACC01295,4.17,2.68,0.09,52.63,15.51,0.0,0,3
ACC01053,3.48,4.25,0.18,52.63,7.39,0.86,0,1
ACC01958,4.84,5.43,0.2,52.63,10.72,0.7,0,2
